{
  "minecraft:recipes/decorations/crafting_table": {
    "criteria": {
      "unlock_right_away": "2025-09-28 20:08:36 +0000"
    },
    "done": true
  },
  "minecraft:adventure/adventuring_time": {
    "criteria": {
      "minecraft:plains": "2025-09-28 20:08:37 +0000"
    },
    "done": false
  },
  "minecraft:husbandry/root": {
    "criteria": {
      "consumed_item": "2025-10-06 16:27:19 +0000"
    },
    "done": true
  },
  "minecraft:husbandry/balanced_diet": {
    "criteria": {
      "apple": "2025-10-06 16:52:32 +0000",
      "cooked_rabbit": "2025-10-06 16:52:40 +0000",
      "sweet_berries": "2025-10-06 16:55:48 +0000",
      "cooked_beef": "2025-10-06 16:44:29 +0000",
      "cooked_salmon": "2025-10-06 16:45:46 +0000",
      "pumpkin_pie": "2025-10-06 16:42:29 +0000",
      "golden_carrot": "2025-10-06 16:58:41 +0000"
    },
    "done": false
  },
  "minecraft:adventure/sleep_in_bed": {
    "criteria": {
      "slept_in_bed": "2025-10-06 16:45:07 +0000"
    },
    "done": true
  },
  "minecraft:recipes/food/rabbit_stew_from_brown_mushroom": {
    "criteria": {
      "has_cooked_rabbit": "2025-10-06 16:52:39 +0000"
    },
    "done": true
  },
  "minecraft:recipes/food/rabbit_stew_from_red_mushroom": {
    "criteria": {
      "has_cooked_rabbit": "2025-10-06 16:52:39 +0000"
    },
    "done": true
  },
  "DataVersion": 3955
}