{
  "minecraft:recipes/decorations/crafting_table": {
    "criteria": {
      "unlock_right_away": "2025-09-28 19:59:45 +0000"
    },
    "done": true
  },
  "minecraft:adventure/adventuring_time": {
    "criteria": {
      "minecraft:plains": "2025-09-28 19:59:46 +0000"
    },
    "done": false
  },
  "minecraft:husbandry/root": {
    "criteria": {
      "consumed_item": "2025-09-28 20:01:12 +0000"
    },
    "done": true
  },
  "minecraft:adventure/sleep_in_bed": {
    "criteria": {
      "slept_in_bed": "2025-09-28 20:06:36 +0000"
    },
    "done": true
  },
  "minecraft:husbandry/balanced_diet": {
    "criteria": {
      "apple": "2025-09-28 21:42:18 +0000",
      "cooked_rabbit": "2025-09-28 20:47:40 +0000",
      "sweet_berries": "2025-09-28 22:00:59 +0000",
      "cooked_beef": "2025-09-28 20:47:27 +0000",
      "cooked_salmon": "2025-09-28 21:54:50 +0000",
      "pumpkin_pie": "2025-09-28 20:10:30 +0000",
      "golden_carrot": "2025-09-28 20:12:18 +0000"
    },
    "done": false
  },
  "minecraft:recipes/food/rabbit_stew_from_brown_mushroom": {
    "criteria": {
      "has_cooked_rabbit": "2025-09-28 20:47:37 +0000"
    },
    "done": true
  },
  "minecraft:recipes/food/rabbit_stew_from_red_mushroom": {
    "criteria": {
      "has_cooked_rabbit": "2025-09-28 20:47:37 +0000"
    },
    "done": true
  },
  "DataVersion": 3955
}