{
  "minecraft:recipes/decorations/crafting_table": {
    "criteria": {
      "unlock_right_away": "2025-10-06 16:15:02 +0000"
    },
    "done": true
  },
  "minecraft:adventure/adventuring_time": {
    "criteria": {
      "minecraft:plains": "2025-10-06 16:15:02 +0000"
    },
    "done": false
  },
  "minecraft:husbandry/balanced_diet": {
    "criteria": {
      "apple": "2025-10-06 16:52:40 +0000",
      "cooked_rabbit": "2025-10-06 16:42:36 +0000",
      "sweet_berries": "2025-10-06 16:52:32 +0000",
      "cooked_beef": "2025-10-06 16:52:48 +0000",
      "cooked_salmon": "2025-10-06 16:49:35 +0000",
      "pumpkin_pie": "2025-10-06 16:52:42 +0000",
      "golden_carrot": "2025-10-06 16:23:43 +0000"
    },
    "done": false
  },
  "minecraft:husbandry/root": {
    "criteria": {
      "consumed_item": "2025-10-06 16:23:43 +0000"
    },
    "done": true
  },
  "minecraft:recipes/food/rabbit_stew_from_brown_mushroom": {
    "criteria": {
      "has_cooked_rabbit": "2025-10-06 16:42:34 +0000"
    },
    "done": true
  },
  "minecraft:recipes/food/rabbit_stew_from_red_mushroom": {
    "criteria": {
      "has_cooked_rabbit": "2025-10-06 16:42:34 +0000"
    },
    "done": true
  },
  "minecraft:adventure/sleep_in_bed": {
    "criteria": {
      "slept_in_bed": "2025-10-06 16:55:40 +0000"
    },
    "done": true
  },
  "DataVersion": 3955
}