{
  "minecraft:recipes/decorations/crafting_table": {
    "criteria": {
      "unlock_right_away": "2025-09-28 19:59:57 +0000"
    },
    "done": true
  },
  "minecraft:adventure/adventuring_time": {
    "criteria": {
      "minecraft:plains": "2025-09-28 19:59:58 +0000"
    },
    "done": false
  },
  "minecraft:husbandry/root": {
    "criteria": {
      "consumed_item": "2025-09-28 20:02:46 +0000"
    },
    "done": true
  },
  "minecraft:adventure/sleep_in_bed": {
    "criteria": {
      "slept_in_bed": "2025-09-28 20:08:26 +0000"
    },
    "done": true
  },
  "minecraft:recipes/food/rabbit_stew_from_brown_mushroom": {
    "criteria": {
      "has_cooked_rabbit": "2025-09-28 20:13:39 +0000"
    },
    "done": true
  },
  "minecraft:recipes/food/rabbit_stew_from_red_mushroom": {
    "criteria": {
      "has_cooked_rabbit": "2025-09-28 20:13:39 +0000"
    },
    "done": true
  },
  "minecraft:husbandry/balanced_diet": {
    "criteria": {
      "apple": "2025-09-28 22:09:06 +0000",
      "cooked_rabbit": "2025-09-28 20:13:41 +0000",
      "sweet_berries": "2025-09-28 21:48:13 +0000",
      "cooked_beef": "2025-09-28 21:20:57 +0000",
      "cooked_salmon": "2025-09-28 22:06:36 +0000",
      "pumpkin_pie": "2025-09-28 22:15:43 +0000",
      "golden_carrot": "2025-09-28 21:16:50 +0000"
    },
    "done": false
  },
  "minecraft:recipes/food/cake": {
    "criteria": {
      "has_egg": "2025-10-11 16:52:02 +0000"
    },
    "done": true
  },
  "DataVersion": 3955
}