{
  "minecraft:recipes/decorations/crafting_table": {
    "criteria": {
      "unlock_right_away": "2025-10-04 16:06:36 +0000"
    },
    "done": true
  },
  "minecraft:adventure/adventuring_time": {
    "criteria": {
      "minecraft:plains": "2025-10-04 16:06:37 +0000"
    },
    "done": false
  },
  "minecraft:husbandry/root": {
    "criteria": {
      "consumed_item": "2025-10-04 16:47:48 +0000"
    },
    "done": true
  },
  "minecraft:recipes/food/rabbit_stew_from_brown_mushroom": {
    "criteria": {
      "has_cooked_rabbit": "2025-10-04 16:49:01 +0000"
    },
    "done": true
  },
  "minecraft:recipes/food/rabbit_stew_from_red_mushroom": {
    "criteria": {
      "has_cooked_rabbit": "2025-10-04 16:49:01 +0000"
    },
    "done": true
  },
  "minecraft:husbandry/balanced_diet": {
    "criteria": {
      "apple": "2025-10-04 18:14:56 +0000",
      "cooked_rabbit": "2025-10-04 16:49:04 +0000",
      "sweet_berries": "2025-10-04 17:53:11 +0000",
      "cooked_beef": "2025-10-07 17:54:50 +0000",
      "cooked_salmon": "2025-10-04 17:40:39 +0000",
      "pumpkin_pie": "2025-10-07 17:49:38 +0000",
      "golden_carrot": "2025-10-04 18:05:15 +0000"
    },
    "done": false
  },
  "minecraft:adventure/sleep_in_bed": {
    "criteria": {
      "slept_in_bed": "2025-10-04 17:22:37 +0000"
    },
    "done": true
  },
  "DataVersion": 3955
}