{
  "minecraft:recipes/decorations/crafting_table": {
    "criteria": {
      "unlock_right_away": "2025-09-28 19:59:41 +0000"
    },
    "done": true
  },
  "minecraft:adventure/adventuring_time": {
    "criteria": {
      "minecraft:plains": "2025-09-28 19:59:42 +0000"
    },
    "done": false
  },
  "minecraft:husbandry/root": {
    "criteria": {
      "consumed_item": "2025-09-28 20:03:41 +0000"
    },
    "done": true
  },
  "minecraft:husbandry/balanced_diet": {
    "criteria": {
      "apple": "2025-09-28 21:44:06 +0000",
      "cooked_rabbit": "2025-09-28 21:24:13 +0000",
      "sweet_berries": "2025-09-28 21:49:12 +0000",
      "cooked_beef": "2025-10-06 16:52:39 +0000",
      "cooked_salmon": "2025-09-28 20:14:50 +0000",
      "pumpkin_pie": "2025-09-28 20:11:01 +0000",
      "golden_carrot": "2025-09-28 21:29:58 +0000"
    },
    "done": false
  },
  "minecraft:adventure/sleep_in_bed": {
    "criteria": {
      "slept_in_bed": "2025-09-28 20:12:45 +0000"
    },
    "done": true
  },
  "minecraft:recipes/food/rabbit_stew_from_brown_mushroom": {
    "criteria": {
      "has_cooked_rabbit": "2025-09-28 21:23:52 +0000"
    },
    "done": true
  },
  "minecraft:recipes/food/rabbit_stew_from_red_mushroom": {
    "criteria": {
      "has_cooked_rabbit": "2025-09-28 21:23:52 +0000"
    },
    "done": true
  },
  "DataVersion": 3955
}