{
  "minecraft:recipes/decorations/crafting_table": {
    "criteria": {
      "unlock_right_away": "2025-09-28 19:59:33 +0000"
    },
    "done": true
  },
  "minecraft:adventure/adventuring_time": {
    "criteria": {
      "minecraft:plains": "2025-09-28 19:59:34 +0000"
    },
    "done": false
  },
  "minecraft:husbandry/root": {
    "criteria": {
      "consumed_item": "2025-09-28 20:02:49 +0000"
    },
    "done": true
  },
  "minecraft:adventure/sleep_in_bed": {
    "criteria": {
      "slept_in_bed": "2025-09-28 20:06:41 +0000"
    },
    "done": true
  },
  "minecraft:husbandry/balanced_diet": {
    "criteria": {
      "cooked_rabbit": "2025-09-28 22:15:08 +0000",
      "sweet_berries": "2025-09-28 21:19:00 +0000",
      "cooked_beef": "2025-09-28 21:28:23 +0000",
      "cooked_salmon": "2025-09-28 21:43:06 +0000",
      "pumpkin_pie": "2025-09-28 21:49:25 +0000",
      "golden_carrot": "2025-09-28 20:09:25 +0000"
    },
    "done": false
  },
  "minecraft:adventure/root": {
    "criteria": {
      "killed_by_something": "2025-09-28 20:46:00 +0000"
    },
    "done": true
  },
  "minecraft:recipes/food/rabbit_stew_from_brown_mushroom": {
    "criteria": {
      "has_cooked_rabbit": "2025-09-28 22:15:06 +0000"
    },
    "done": true
  },
  "minecraft:recipes/food/rabbit_stew_from_red_mushroom": {
    "criteria": {
      "has_cooked_rabbit": "2025-09-28 22:15:06 +0000"
    },
    "done": true
  },
  "DataVersion": 3955
}