{
  "minecraft:recipes/decorations/crafting_table": {
    "criteria": {
      "unlock_right_away": "2025-09-28 20:47:00 +0000"
    },
    "done": true
  },
  "minecraft:adventure/adventuring_time": {
    "criteria": {
      "minecraft:plains": "2025-09-28 20:47:01 +0000"
    },
    "done": false
  },
  "minecraft:husbandry/root": {
    "criteria": {
      "consumed_item": "2025-09-28 21:09:39 +0000"
    },
    "done": true
  },
  "minecraft:recipes/food/rabbit_stew_from_brown_mushroom": {
    "criteria": {
      "has_cooked_rabbit": "2025-09-28 21:20:40 +0000"
    },
    "done": true
  },
  "minecraft:recipes/food/rabbit_stew_from_red_mushroom": {
    "criteria": {
      "has_cooked_rabbit": "2025-09-28 21:20:40 +0000"
    },
    "done": true
  },
  "minecraft:husbandry/balanced_diet": {
    "criteria": {
      "apple": "2025-09-28 22:20:45 +0000",
      "cooked_rabbit": "2025-09-28 21:20:42 +0000",
      "sweet_berries": "2025-09-28 22:17:33 +0000",
      "cooked_beef": "2025-09-28 21:54:47 +0000",
      "cooked_salmon": "2025-09-28 21:43:52 +0000",
      "pumpkin_pie": "2025-10-06 17:24:43 +0000",
      "golden_carrot": "2025-09-28 22:23:09 +0000"
    },
    "done": false
  },
  "minecraft:adventure/sleep_in_bed": {
    "criteria": {
      "slept_in_bed": "2025-09-28 21:23:23 +0000"
    },
    "done": true
  },
  "DataVersion": 3955
}