{
  "minecraft:recipes/decorations/crafting_table": {
    "criteria": {
      "unlock_right_away": "2025-10-06 16:14:54 +0000"
    },
    "done": true
  },
  "minecraft:adventure/adventuring_time": {
    "criteria": {
      "minecraft:plains": "2025-10-06 16:14:55 +0000"
    },
    "done": false
  },
  "minecraft:husbandry/root": {
    "criteria": {
      "consumed_item": "2025-10-06 16:23:02 +0000"
    },
    "done": true
  },
  "minecraft:husbandry/balanced_diet": {
    "criteria": {
      "apple": "2025-10-06 16:24:13 +0000",
      "sweet_berries": "2025-10-06 16:52:45 +0000",
      "cooked_beef": "2025-10-06 16:49:13 +0000",
      "cooked_salmon": "2025-10-06 16:23:26 +0000",
      "golden_carrot": "2025-10-06 16:42:37 +0000"
    },
    "done": false
  },
  "minecraft:adventure/sleep_in_bed": {
    "criteria": {
      "slept_in_bed": "2025-10-06 16:44:00 +0000"
    },
    "done": true
  },
  "DataVersion": 3955
}