{"stats":{"minecraft:picked_up":{"minecraft:chicken":1,"wathe:lockpick":2,"wathe:derringer":2,"wathe:stainless_steel_ladder":4,"wathe:navy_steel_panel":1,"wathe:champagne":2,"minecraft:egg":1,"minecraft:dark_oak_sapling":65,"wathe:cargo_box":1,"wathe:martini":1,"wathe:letter":1,"minecraft:sponge":512,"minecraft:feather":1,"wathe:revolver":18,"wathe:knife":5,"wathe:mahogany_planks":1,"wathe:dark_marble":1,"wathe:navy_steel_tiles_panel":1,"wathe:dark_steel_walkway":1,"minecraft:oak_button":1},"minecraft:killed":{"minecraft:chicken":1,"minecraft:player":6},"minecraft:used":{"minecraft:orange_dye":1,"wathe:martini":10,"wathe:trimmed_ebony_stairs":1,"wathe:bubinga_panel":2,"wathe:marble_tile_stairs":5,"wathe:revolver":2,"wathe:small_glass_door":11,"wathe:neon_tube":4,"wathe:stainless_steel_ladder":21,"wathe:dark_marble":47,"minecraft:polished_deepslate":1,"wathe:rail_beam":22,"minecraft:red_concrete":15,"wathe:smooth_mahogany":8,"wathe:navy_steel_panel":1,"wathe:gold_ornament":193,"minecraft:decorated_pot":11,"minecraft:axolotl_spawn_egg":1,"wathe:dark_steel_slab":2,"minecraft:stone":30,"wathe:metal_sheet_slab":14,"minecraft:cooked_salmon":11,"wathe:smooth_bubinga":4,"minecraft:spyglass":4,"wathe:elevator_button":3,"minecraft:brick_slab":2,"wathe:cosmopolitan":20,"wathe:mahogany_planks":16,"wathe:white_lounge_couch":20,"wathe:barrier_panel":80,"wathe:gold_slab":8,"wathe:red_trimmed_bed":3,"minecraft:warden_spawn_egg":4,"minecraft:glass":12,"wathe:gold_ledge":33,"minecraft:dark_oak_planks":1,"minecraft:honey_block":7,"wathe:ebony_cabinet":1,"wathe:trimmed_lantern":30,"wathe:light_barrier":96,"minecraft:bricks":3,"wathe:old_fashioned":32,"minecraft:lantern":2,"minecraft:brick_stairs":4,"wathe:key":12,"minecraft:chicken_spawn_egg":1,"wathe:smooth_navy_steel_panel":5,"minecraft:stone_bricks":1,"wathe:food_platter":16,"wathe:blue_moquette":1,"minecraft:golden_carrot":4,"minecraft:snow":8,"minecraft:sweet_berries":9,"wathe:ebony_bookshelf":2,"minecraft:egg":1,"minecraft:stone_pressure_plate":1,"wathe:dark_steel_pillar":41,"minecraft:cooked_beef":9,"minecraft:dark_oak_sapling":63,"wathe:smooth_ebony":68,"wathe:dark_steel_stairs":7,"wathe:lockpick":8,"wathe:trimmed_railing":6,"wathe:dark_marble_wall":9,"wathe:ebony_planks":68,"wathe:black_hull_sheets":2,"wathe:stainless_steel_branch":42,"wathe:tarnished_gold_pillar":2,"wathe:marble_tiles":12,"wathe:tarnished_gold_vent_shaft":13,"wathe:smooth_navy_steel":17,"minecraft:gray_carpet":1,"wathe:mahogany_panel":12,"wathe:red_leather_couch":1,"wathe:black_hull":4,"minecraft:spruce_sign":3,"minecraft:glow_ink_sac":1,"wathe:navy_steel_door":13,"wathe:brown_leather_couch":1,"wathe:metal_sheet":18,"minecraft:cracked_stone_bricks":3,"wathe:golden_glass_panel":47,"wathe:white_trimmed_bed":3,"wathe:champagne":28,"minecraft:polished_blackstone_pressure_plate":2,"minecraft:polished_deepslate_slab":1,"wathe:small_button":5,"wathe:bubinga_planks":3,"wathe:dark_steel_wall":25,"wathe:mojito":18,"wathe:firecracker":1007,"wathe:horn":3,"wathe:tarnished_gold_vent_hatch":5,"wathe:gold":6,"wathe:dark_marble_stairs":19,"wathe:blue_lounge_couch":3,"minecraft:painting":5,"minecraft:warped_planks":6,"wathe:metal_sheet_stairs":64,"minecraft:waxed_chiseled_copper":4,"minecraft:weathered_copper_grate":2,"wathe:ebony_stairs":25,"wathe:bar_table":1,"wathe:chimney":18,"minecraft:yellow_dye":1,"minecraft:light":9,"wathe:stainless_steel_sprinkler":1,"minecraft:apple":9,"minecraft:mace":8,"wathe:smooth_navy_steel_slab":6,"minecraft:command_block":4,"wathe:marble_stairs":3,"wathe:small_wood_door":5,"minecraft:barrier":184,"wathe:marble_mosaic":22,"minecraft:oak_button":1,"wathe:wall_lamp":30,"minecraft:cyan_carpet":5,"wathe:dark_steel_branch":2,"wathe:marble_slab":5,"wathe:grenade":1003,"wathe:dark_steel":15,"wathe:dark_steel_walkway":15,"wathe:drink_tray":15,"wathe:note":15,"wathe:ebony_panel":89,"wathe:ebony_herringbone":3,"minecraft:cobblestone":1,"wathe:black_hull_stairs":1,"minecraft:cobbled_deepslate_slab":5,"wathe:navy_steel_tiles":40,"minecraft:white_stained_glass":27,"minecraft:cooked_rabbit":8,"minecraft:andesite":2,"minecraft:pumpkin_pie":12,"minecraft:smooth_stone_slab":3,"minecraft:repeating_command_block":2,"wathe:stainless_steel_vent_hatch":3,"wathe:smooth_navy_steel_stairs":4,"wathe:metal_sheet_door":2,"wathe:navy_steel_tiles_panel":47},"minecraft:dropped":{"wathe:lockpick":2,"wathe:old_fashioned":2,"wathe:grenade":1,"wathe:champagne":4,"wathe:derringer":3,"wathe:small_glass_door":1,"wathe:cosmopolitan":1,"wathe:martini":3,"wathe:bat":1,"wathe:crowbar":1,"wathe:knife":5,"wathe:letter":1,"wathe:cargo_box":1,"wathe:dark_marble":1,"wathe:revolver":7},"minecraft:custom":{"minecraft:mob_kills":1,"minecraft:leave_game":129,"minecraft:time_since_death":965,"minecraft:climb_one_cm":62149,"minecraft:sprint_one_cm":4398682,"minecraft:walk_one_cm":4307707,"minecraft:drop":35,"minecraft:play_time":7369314,"minecraft:deaths":10,"minecraft:sneak_time":54978,"minecraft:jump":7403,"minecraft:walk_on_water_one_cm":2924,"minecraft:total_world_time":7472082,"minecraft:sleep_in_bed":49,"minecraft:time_since_rest":986,"minecraft:damage_taken":2697,"minecraft:damage_dealt":3084,"minecraft:fly_one_cm":49045794,"minecraft:player_kills":7,"minecraft:crouch_one_cm":60420,"minecraft:fall_one_cm":23687}},"DataVersion":3955}