{"stats":{"minecraft:picked_up":{"trainmurdermystery:revolver":10},"minecraft:dropped":{"minecraft:barrier":1,"minecraft:oak_leaves":1,"trainmurdermystery:bat":1,"trainmurdermystery:note":4},"minecraft:used":{"trainmurdermystery:grenade":3,"trainmurdermystery:champagne":21,"minecraft:green_carpet":1,"trainmurdermystery:barrier_panel":4,"minecraft:apple":7,"minecraft:golden_carrot":8,"minecraft:sweet_berries":10,"trainmurdermystery:coffee_table":1,"trainmurdermystery:food_platter":1,"minecraft:cooked_rabbit":6,"minecraft:barrier":1,"minecraft:andesite":1,"trainmurdermystery:martini":20,"trainmurdermystery:note":5,"trainmurdermystery:old_fashioned":20,"minecraft:pumpkin_pie":7,"minecraft:redstone_block":2,"minecraft:cooked_beef":6,"trainmurdermystery:cosmopolitan":38,"trainmurdermystery:drink_tray":1,"trainmurdermystery:mojito":10,"minecraft:cooked_salmon":10,"trainmurdermystery:lockpick":2,"trainmurdermystery:elevator_button":1,"trainmurdermystery:white_trimmed_bed":1},"minecraft:custom":{"minecraft:time_since_rest":36475,"minecraft:crouch_one_cm":62118,"minecraft:sprint_one_cm":598856,"minecraft:play_time":982019,"minecraft:deaths":3,"minecraft:damage_taken":784,"minecraft:walk_one_cm":3296721,"minecraft:sneak_time":30460,"minecraft:drop":4,"minecraft:jump":792,"minecraft:damage_dealt":62,"minecraft:leave_game":26,"minecraft:time_since_death":73071,"minecraft:sleep_in_bed":38,"minecraft:climb_one_cm":17488,"minecraft:total_world_time":982019,"minecraft:fall_one_cm":6881,"minecraft:fly_one_cm":2059000}},"DataVersion":3955}