{"stats":{"minecraft:custom":{"minecraft:time_since_rest":805839,"minecraft:sprint_one_cm":581489,"minecraft:damage_taken":695,"minecraft:walk_one_cm":2395158,"minecraft:mob_kills":6,"minecraft:drop":7,"minecraft:damage_dealt":1214,"minecraft:fly_one_cm":1521020,"minecraft:crouch_one_cm":29957,"minecraft:play_time":1467283,"minecraft:sneak_time":24249,"minecraft:jump":665,"minecraft:leave_game":19,"minecraft:time_since_death":1467283,"minecraft:walk_on_water_one_cm":385,"minecraft:total_world_time":1467283,"minecraft:sleep_in_bed":24,"minecraft:climb_one_cm":32521,"minecraft:fall_one_cm":10939},"minecraft:used":{"trainmurdermystery:champagne":6,"minecraft:netherite_sword":16,"minecraft:apple":5,"minecraft:villager_spawn_egg":6,"minecraft:snow_block":424,"minecraft:armor_stand":37,"minecraft:red_concrete":21,"minecraft:barrier":28,"trainmurdermystery:martini":6,"trainmurdermystery:lockpick":1,"minecraft:cooked_salmon":3,"minecraft:item_frame":8,"minecraft:spruce_leaves":3,"minecraft:red_carpet":4,"minecraft:golden_carrot":2,"minecraft:snow":60,"minecraft:sweet_berries":4,"minecraft:dark_prismarine_slab":10,"minecraft:cooked_rabbit":5,"trainmurdermystery:old_fashioned":12,"minecraft:pumpkin_pie":7,"minecraft:cooked_beef":4,"minecraft:husk_spawn_egg":1,"trainmurdermystery:cosmopolitan":8,"minecraft:powder_snow_bucket":6,"trainmurdermystery:mojito":4,"minecraft:blue_concrete":20,"minecraft:spruce_log":3,"minecraft:stripped_spruce_log":3},"minecraft:killed":{"minecraft:villager":6},"minecraft:picked_up":{"trainmurdermystery:knife":1,"trainmurdermystery:revolver":7,"trainmurdermystery:derringer":2,"minecraft:red_carpet":1},"minecraft:dropped":{"trainmurdermystery:revolver":3,"trainmurdermystery:derringer":2,"trainmurdermystery:knife":2}},"DataVersion":3955}