{"stats":{"minecraft:picked_up":{"trainmurdermystery:grenade":1,"trainmurdermystery:revolver":8},"minecraft:used":{"trainmurdermystery:grenade":1,"trainmurdermystery:champagne":24,"minecraft:apple":11,"minecraft:golden_carrot":7,"minecraft:sweet_berries":7,"trainmurdermystery:martini":16,"minecraft:cooked_rabbit":10,"trainmurdermystery:note":1,"trainmurdermystery:old_fashioned":30,"minecraft:pumpkin_pie":13,"minecraft:cooked_beef":12,"trainmurdermystery:cosmopolitan":20,"trainmurdermystery:mojito":26,"minecraft:cooked_salmon":8},"minecraft:custom":{"minecraft:time_since_rest":75510,"minecraft:crouch_one_cm":34248,"minecraft:sprint_one_cm":1056575,"minecraft:play_time":740976,"minecraft:damage_taken":1028,"minecraft:walk_one_cm":2463130,"minecraft:sneak_time":16853,"minecraft:jump":208,"minecraft:damage_dealt":776,"minecraft:leave_game":11,"minecraft:walk_on_water_one_cm":1123,"minecraft:time_since_death":740976,"minecraft:sleep_in_bed":55,"minecraft:climb_one_cm":30644,"minecraft:total_world_time":740976,"minecraft:fall_one_cm":9231,"minecraft:fly_one_cm":925319}},"DataVersion":3955}