{"stats":{"minecraft:picked_up":{"trainmurdermystery:revolver":1},"minecraft:custom":{"minecraft:time_since_rest":18196,"minecraft:crouch_one_cm":811,"minecraft:sprint_one_cm":164775,"minecraft:play_time":133698,"minecraft:deaths":1,"minecraft:damage_taken":500,"minecraft:walk_one_cm":388050,"minecraft:sneak_time":525,"minecraft:jump":18,"minecraft:leave_game":4,"minecraft:time_since_death":109285,"minecraft:sleep_in_bed":7,"minecraft:climb_one_cm":3814,"minecraft:total_world_time":133698,"minecraft:fall_one_cm":1076,"minecraft:fly_one_cm":127016},"minecraft:used":{"trainmurdermystery:champagne":22,"minecraft:apple":1,"minecraft:golden_carrot":4,"minecraft:sweet_berries":2,"minecraft:cooked_rabbit":1,"trainmurdermystery:old_fashioned":18,"trainmurdermystery:martini":18,"minecraft:pumpkin_pie":3,"minecraft:cooked_beef":1,"trainmurdermystery:cosmopolitan":14,"trainmurdermystery:mojito":8,"minecraft:cooked_salmon":1}},"DataVersion":3955}