{"stats":{"minecraft:picked_up":{"minecraft:red_candle":64,"minecraft:gray_carpet":2,"minecraft:mangrove_sign":1,"minecraft:lily_of_the_valley":1,"trainmurdermystery:stainless_steel_ladder":1},"minecraft:dropped":{"minecraft:snow_block":1,"minecraft:red_candle":64,"minecraft:spruce_slab":1},"minecraft:used":{"trainmurdermystery:cargo_box":6,"minecraft:dark_oak_stairs":6,"trainmurdermystery:stainless_steel_bar":11,"trainmurdermystery:metal_sheet_wall":3,"minecraft:cobblestone_stairs":31,"minecraft:polished_deepslate":1,"minecraft:flint_and_steel":5,"minecraft:snow_block":1385,"trainmurdermystery:ebony_cabinet":6,"minecraft:spruce_slab":382,"minecraft:polished_andesite":7,"minecraft:lime_wool":29,"trainmurdermystery:ebony_panel":21,"minecraft:oak_sign":1,"minecraft:blue_wool":5,"trainmurdermystery:marble":7,"trainmurdermystery:stainless_steel_walkway":1,"minecraft:stone":10,"trainmurdermystery:dark_steel_pillar":10,"trainmurdermystery:black_hull_sheet_stairs":1,"minecraft:cobblestone_slab":84,"minecraft:glow_ink_sac":1,"trainmurdermystery:wall_lamp":1,"trainmurdermystery:ebony_bookshelf":6,"trainmurdermystery:smooth_mahogany":12,"trainmurdermystery:black_hull":9,"minecraft:oak_leaves":91,"minecraft:spruce_leaves":60,"minecraft:white_wool":2,"minecraft:polished_deepslate_slab":1,"trainmurdermystery:black_hull_stairs":1,"trainmurdermystery:privacy_glass_panel":10,"minecraft:light_blue_wool":20,"minecraft:cobblestone_wall":42,"minecraft:black_banner":3,"minecraft:blue_ice":1216,"trainmurdermystery:culling_black_hull":3,"minecraft:painting":10,"trainmurdermystery:gold_sprinkler":1,"minecraft:mangrove_sign":1,"minecraft:spruce_fence":45,"trainmurdermystery:smooth_ebony":8,"minecraft:cobbled_deepslate_stairs":1,"minecraft:spruce_log":195,"trainmurdermystery:stainless_steel_slab":16,"minecraft:stripped_spruce_log":27,"trainmurdermystery:gold_ornament":105,"trainmurdermystery:black_hull_slab":2,"minecraft:polished_deepslate_stairs":1,"minecraft:deepslate_tiles":18,"trainmurdermystery:spruce_branch":11,"minecraft:stone_brick_slab":15,"minecraft:dark_oak_planks":68,"minecraft:lever":4,"minecraft:packed_ice":7,"minecraft:netherite_shovel":6,"minecraft:birch_slab":18,"trainmurdermystery:bubinga_panel":1,"minecraft:mangrove_stairs":1,"trainmurdermystery:small_glass_door":2,"minecraft:red_wool":8,"minecraft:lantern":1,"minecraft:light_gray_candle":1,"trainmurdermystery:black_hull_sheets":4,"trainmurdermystery:metal_sheet_slab":9,"minecraft:gray_concrete_powder":2,"minecraft:dark_oak_slab":14,"minecraft:red_candle":4,"trainmurdermystery:mahogany_planks":19,"trainmurdermystery:mahogany_panel":5,"minecraft:spruce_trapdoor":64,"trainmurdermystery:stainless_steel_sprinkler":9,"minecraft:deepslate":5,"trainmurdermystery:dark_steel_vent_shaft":1,"trainmurdermystery:white_trimmed_bed":1,"minecraft:stone_bricks":236,"minecraft:cobblestone":74,"minecraft:snow":429,"trainmurdermystery:stripped_spruce_branch":17,"trainmurdermystery:coffee_table":1,"minecraft:deepslate_tile_stairs":6,"trainmurdermystery:tarnished_gold_vent_hatch":3,"minecraft:red_banner":4,"trainmurdermystery:stainless_steel_branch":43,"minecraft:chain":4,"minecraft:smooth_stone_slab":2,"trainmurdermystery:trimmed_railing":63,"minecraft:red_dye":1,"trainmurdermystery:white_hull_slab":2,"trainmurdermystery:stainless_steel_ladder":2,"minecraft:brown_candle":4,"trainmurdermystery:metal_sheet_walkway":8,"minecraft:candle":3},"minecraft:custom":{"minecraft:leave_game":6,"minecraft:time_since_death":789587,"minecraft:sleep_in_bed":15,"minecraft:climb_one_cm":137,"minecraft:time_since_rest":583403,"minecraft:sprint_one_cm":196430,"minecraft:walk_one_cm":157672,"minecraft:drop":3,"minecraft:fly_one_cm":28775434,"minecraft:crouch_one_cm":27608,"minecraft:play_time":789587,"minecraft:sneak_time":23722,"minecraft:jump":777,"minecraft:total_world_time":792996}},"DataVersion":3955}