{"stats":{"minecraft:picked_up":{"trainmurdermystery:old_fashioned":2,"trainmurdermystery:revolver":8},"minecraft:used":{"trainmurdermystery:grenade":70,"trainmurdermystery:champagne":18,"minecraft:apple":5,"minecraft:golden_carrot":6,"minecraft:sweet_berries":13,"minecraft:pumpkin_pie":3,"minecraft:cooked_rabbit":3,"trainmurdermystery:martini":20,"trainmurdermystery:note":1,"trainmurdermystery:old_fashioned":12,"minecraft:cooked_beef":5,"trainmurdermystery:cosmopolitan":12,"trainmurdermystery:mojito":8,"trainmurdermystery:lockpick":6,"minecraft:cooked_salmon":5},"minecraft:custom":{"minecraft:time_since_rest":47939,"minecraft:crouch_one_cm":41539,"minecraft:sprint_one_cm":2144963,"minecraft:play_time":622480,"minecraft:damage_taken":189,"minecraft:walk_one_cm":1816945,"minecraft:sneak_time":19159,"minecraft:drop":2,"minecraft:jump":148,"minecraft:damage_dealt":266,"minecraft:leave_game":14,"minecraft:walk_on_water_one_cm":2179,"minecraft:time_since_death":622480,"minecraft:sleep_in_bed":41,"minecraft:climb_one_cm":26429,"minecraft:total_world_time":622480,"minecraft:fall_one_cm":10287,"minecraft:fly_one_cm":2830011},"minecraft:dropped":{"trainmurdermystery:revolver":2}},"DataVersion":3955}