{"stats":{"minecraft:used":{"trainmurdermystery:champagne":26,"minecraft:apple":7,"minecraft:golden_carrot":9,"minecraft:sweet_berries":7,"trainmurdermystery:martini":14,"minecraft:cooked_rabbit":2,"trainmurdermystery:note":1,"trainmurdermystery:old_fashioned":10,"minecraft:pumpkin_pie":7,"minecraft:cooked_beef":4,"trainmurdermystery:cosmopolitan":26,"trainmurdermystery:mojito":24,"minecraft:cooked_salmon":9},"minecraft:picked_up":{"trainmurdermystery:revolver":2},"minecraft:custom":{"minecraft:time_since_rest":1256,"minecraft:crouch_one_cm":11214,"minecraft:sprint_one_cm":230923,"minecraft:play_time":187275,"minecraft:damage_taken":16,"minecraft:walk_one_cm":837119,"minecraft:sneak_time":5228,"minecraft:jump":32,"minecraft:damage_dealt":10,"minecraft:leave_game":4,"minecraft:walk_on_water_one_cm":480,"minecraft:time_since_death":187275,"minecraft:sleep_in_bed":14,"minecraft:climb_one_cm":7216,"minecraft:total_world_time":187275,"minecraft:fall_one_cm":2152,"minecraft:fly_one_cm":240789}},"DataVersion":3955}