{"stats":{"minecraft:picked_up":{"trainmurdermystery:revolver":4},"minecraft:custom":{"minecraft:time_since_rest":10201,"minecraft:crouch_one_cm":2830,"minecraft:sprint_one_cm":746272,"minecraft:play_time":310467,"minecraft:deaths":2,"minecraft:damage_taken":1070,"minecraft:walk_one_cm":895135,"minecraft:sneak_time":5418,"minecraft:jump":22,"minecraft:damage_dealt":10,"minecraft:leave_game":4,"minecraft:walk_on_water_one_cm":850,"minecraft:time_since_death":279884,"minecraft:sleep_in_bed":31,"minecraft:climb_one_cm":2868,"minecraft:total_world_time":310467,"minecraft:fall_one_cm":2768,"minecraft:fly_one_cm":323341},"minecraft:used":{"trainmurdermystery:champagne":24,"minecraft:apple":2,"minecraft:golden_carrot":7,"minecraft:sweet_berries":2,"trainmurdermystery:martini":8,"minecraft:cooked_rabbit":4,"trainmurdermystery:old_fashioned":22,"minecraft:pumpkin_pie":5,"minecraft:cooked_beef":5,"trainmurdermystery:cosmopolitan":20,"trainmurdermystery:mojito":12,"minecraft:cooked_salmon":5},"minecraft:killed_by":{"minecraft:player":1}},"DataVersion":3955}