{"stats":{"minecraft:used":{"trainmurdermystery:champagne":4,"minecraft:golden_carrot":2,"trainmurdermystery:mojito":2},"minecraft:killed_by":{"minecraft:player":1},"minecraft:custom":{"minecraft:jump":8,"minecraft:time_since_rest":2286,"minecraft:deaths":1,"minecraft:crouch_one_cm":2694,"minecraft:leave_game":4,"minecraft:play_time":34493,"minecraft:sprint_one_cm":28296,"minecraft:damage_taken":451,"minecraft:time_since_death":2261,"minecraft:walk_one_cm":200796,"minecraft:sleep_in_bed":2,"minecraft:sneak_time":1122,"minecraft:total_world_time":34493,"minecraft:climb_one_cm":1194,"minecraft:fall_one_cm":2527,"minecraft:fly_one_cm":188}},"DataVersion":3955}