{"stats":{"minecraft:picked_up":{"trainmurdermystery:revolver":1,"minecraft:egg":1},"minecraft:custom":{"minecraft:time_since_rest":20590,"minecraft:crouch_one_cm":5120,"minecraft:sprint_one_cm":503504,"minecraft:play_time":315899,"minecraft:deaths":1,"minecraft:damage_taken":510,"minecraft:walk_one_cm":1805176,"minecraft:sneak_time":2703,"minecraft:jump":56,"minecraft:damage_dealt":66,"minecraft:leave_game":7,"minecraft:walk_on_water_one_cm":860,"minecraft:time_since_death":293483,"minecraft:sleep_in_bed":34,"minecraft:climb_one_cm":10227,"minecraft:total_world_time":315899,"minecraft:fall_one_cm":3312,"minecraft:fly_one_cm":367651},"minecraft:used":{"trainmurdermystery:champagne":14,"minecraft:apple":4,"minecraft:golden_carrot":3,"minecraft:sweet_berries":4,"minecraft:cooked_rabbit":6,"trainmurdermystery:martini":14,"trainmurdermystery:old_fashioned":18,"minecraft:pumpkin_pie":4,"minecraft:egg":1,"minecraft:cooked_beef":3,"trainmurdermystery:cosmopolitan":20,"trainmurdermystery:mojito":6,"minecraft:cooked_salmon":3}},"DataVersion":3955}