{"stats":{"minecraft:used":{"trainmurdermystery:champagne":20,"minecraft:apple":6,"minecraft:golden_carrot":4,"minecraft:sweet_berries":5,"trainmurdermystery:martini":18,"minecraft:cooked_rabbit":3,"trainmurdermystery:note":9,"trainmurdermystery:old_fashioned":20,"minecraft:pumpkin_pie":4,"minecraft:cooked_beef":2,"trainmurdermystery:cosmopolitan":18,"trainmurdermystery:mojito":12,"minecraft:cooked_salmon":4},"minecraft:picked_up":{"trainmurdermystery:revolver":2},"minecraft:custom":{"minecraft:time_since_rest":2354,"minecraft:crouch_one_cm":9494,"minecraft:sprint_one_cm":141240,"minecraft:play_time":186506,"minecraft:damage_taken":196,"minecraft:walk_one_cm":722764,"minecraft:sneak_time":12121,"minecraft:jump":32,"minecraft:damage_dealt":191,"minecraft:leave_game":3,"minecraft:walk_on_water_one_cm":308,"minecraft:time_since_death":186506,"minecraft:sleep_in_bed":8,"minecraft:climb_one_cm":5349,"minecraft:total_world_time":186506,"minecraft:fall_one_cm":873,"minecraft:fly_one_cm":566494}},"DataVersion":3955}