{"stats":{"minecraft:custom":{"minecraft:time_since_rest":24266,"minecraft:crouch_one_cm":6490,"minecraft:sprint_one_cm":150775,"minecraft:play_time":259629,"minecraft:deaths":1,"minecraft:damage_taken":279,"minecraft:walk_one_cm":1020522,"minecraft:sneak_time":3544,"minecraft:jump":18,"minecraft:leave_game":4,"minecraft:walk_on_water_one_cm":144,"minecraft:time_since_death":230700,"minecraft:sleep_in_bed":18,"minecraft:climb_one_cm":2970,"minecraft:total_world_time":259629,"minecraft:fall_one_cm":538,"minecraft:fly_one_cm":124636},"minecraft:used":{"trainmurdermystery:champagne":24,"minecraft:golden_carrot":8,"minecraft:sweet_berries":1,"minecraft:cooked_rabbit":2,"trainmurdermystery:old_fashioned":16,"trainmurdermystery:martini":22,"minecraft:pumpkin_pie":2,"minecraft:cooked_beef":3,"trainmurdermystery:cosmopolitan":12,"trainmurdermystery:mojito":14,"minecraft:cooked_salmon":3},"minecraft:picked_up":{"trainmurdermystery:revolver":4},"minecraft:killed_by":{"minecraft:player":1}},"DataVersion":3955}