{"stats":{"minecraft:custom":{"minecraft:time_since_rest":79204,"minecraft:crouch_one_cm":12231,"minecraft:sprint_one_cm":315927,"minecraft:play_time":271907,"minecraft:damage_taken":77,"minecraft:walk_one_cm":824140,"minecraft:sneak_time":7804,"minecraft:walk_under_water_one_cm":76,"minecraft:jump":50,"minecraft:leave_game":12,"minecraft:damage_dealt":125,"minecraft:walk_on_water_one_cm":132,"minecraft:time_since_death":271907,"minecraft:sleep_in_bed":18,"minecraft:climb_one_cm":9503,"minecraft:total_world_time":271907,"minecraft:fall_one_cm":2421,"minecraft:fly_one_cm":345547},"minecraft:used":{"trainmurdermystery:champagne":6,"trainmurdermystery:firecracker":2,"minecraft:apple":1,"minecraft:golden_carrot":1,"minecraft:sweet_berries":3,"minecraft:cooked_rabbit":3,"trainmurdermystery:note":2,"trainmurdermystery:old_fashioned":10,"trainmurdermystery:martini":6,"minecraft:pumpkin_pie":2,"minecraft:cooked_beef":2,"trainmurdermystery:cosmopolitan":2,"trainmurdermystery:mojito":10,"minecraft:cooked_salmon":1}},"DataVersion":3955}