{"stats":{"minecraft:custom":{"minecraft:time_since_rest":23374,"minecraft:crouch_one_cm":13244,"minecraft:sprint_one_cm":375816,"minecraft:play_time":436111,"minecraft:damage_taken":8,"minecraft:walk_one_cm":1751529,"minecraft:sneak_time":9655,"minecraft:jump":73,"minecraft:leave_game":10,"minecraft:walk_on_water_one_cm":57,"minecraft:time_since_death":436111,"minecraft:sleep_in_bed":38,"minecraft:climb_one_cm":13864,"minecraft:total_world_time":436111,"minecraft:fall_one_cm":4035,"minecraft:fly_one_cm":226820},"minecraft:used":{"trainmurdermystery:champagne":26,"minecraft:apple":8,"minecraft:golden_carrot":3,"minecraft:sweet_berries":8,"minecraft:cooked_rabbit":11,"trainmurdermystery:martini":34,"trainmurdermystery:note":8,"trainmurdermystery:old_fashioned":22,"minecraft:pumpkin_pie":6,"minecraft:cooked_beef":7,"trainmurdermystery:cosmopolitan":32,"trainmurdermystery:mojito":36,"minecraft:cooked_salmon":9},"minecraft:picked_up":{"trainmurdermystery:revolver":8}},"DataVersion":3955}