{"stats":{"minecraft:used":{"trainmurdermystery:champagne":22,"minecraft:oak_leaves":1,"minecraft:apple":4,"minecraft:golden_carrot":4,"minecraft:sweet_berries":2,"minecraft:cooked_rabbit":1,"trainmurdermystery:martini":30,"trainmurdermystery:old_fashioned":24,"minecraft:pumpkin_pie":7,"minecraft:cooked_beef":4,"trainmurdermystery:cosmopolitan":14,"trainmurdermystery:mojito":24,"minecraft:cooked_salmon":5},"minecraft:picked_up":{"minecraft:oak_leaves":1,"trainmurdermystery:revolver":3},"minecraft:custom":{"minecraft:time_since_rest":44405,"minecraft:crouch_one_cm":9413,"minecraft:sprint_one_cm":612366,"minecraft:play_time":390224,"minecraft:walk_one_cm":1180379,"minecraft:sneak_time":4746,"minecraft:jump":22,"minecraft:leave_game":6,"minecraft:walk_on_water_one_cm":216,"minecraft:time_since_death":390224,"minecraft:sleep_in_bed":15,"minecraft:climb_one_cm":4679,"minecraft:total_world_time":390224,"minecraft:fall_one_cm":807,"minecraft:fly_one_cm":461331}},"DataVersion":3955}