{"stats":{"minecraft:picked_up":{"minecraft:egg":2},"minecraft:custom":{"minecraft:time_since_rest":25828,"minecraft:crouch_one_cm":9478,"minecraft:sprint_one_cm":327436,"minecraft:play_time":258951,"minecraft:deaths":1,"minecraft:damage_taken":1526,"minecraft:walk_one_cm":914599,"minecraft:sneak_time":4802,"minecraft:jump":18,"minecraft:leave_game":2,"minecraft:walk_on_water_one_cm":566,"minecraft:time_since_death":237003,"minecraft:sleep_in_bed":16,"minecraft:climb_one_cm":2717,"minecraft:total_world_time":258951,"minecraft:fall_one_cm":16112,"minecraft:fly_one_cm":484382},"minecraft:used":{"trainmurdermystery:champagne":12,"minecraft:apple":4,"minecraft:golden_carrot":2,"minecraft:sweet_berries":20,"minecraft:cooked_rabbit":2,"trainmurdermystery:martini":10,"trainmurdermystery:old_fashioned":18,"minecraft:pumpkin_pie":1,"minecraft:egg":1,"minecraft:cooked_beef":1,"trainmurdermystery:cosmopolitan":8,"trainmurdermystery:mojito":24,"minecraft:cooked_salmon":1},"minecraft:killed_by":{"minecraft:player":1}},"DataVersion":3955}