{"stats":{"minecraft:custom":{"minecraft:time_since_rest":51636,"minecraft:crouch_one_cm":1211,"minecraft:sprint_one_cm":37100,"minecraft:play_time":81525,"minecraft:damage_taken":68,"minecraft:walk_one_cm":220921,"minecraft:sneak_time":2043,"minecraft:jump":13,"minecraft:leave_game":8,"minecraft:walk_on_water_one_cm":289,"minecraft:time_since_death":81525,"minecraft:sleep_in_bed":1,"minecraft:climb_one_cm":1716,"minecraft:total_world_time":81525,"minecraft:fall_one_cm":269,"minecraft:fly_one_cm":151997},"minecraft:used":{"trainmurdermystery:champagne":2,"minecraft:apple":3,"minecraft:golden_carrot":4,"minecraft:sweet_berries":1,"trainmurdermystery:note":1,"trainmurdermystery:old_fashioned":2,"trainmurdermystery:martini":6,"minecraft:cooked_beef":2,"trainmurdermystery:cosmopolitan":2,"trainmurdermystery:mojito":2,"minecraft:cooked_salmon":4}},"DataVersion":3955}