{"stats":{"minecraft:picked_up":{"trainmurdermystery:crowbar":1,"trainmurdermystery:revolver":10,"minecraft:egg":2},"minecraft:used":{"trainmurdermystery:grenade":1,"trainmurdermystery:champagne":24,"minecraft:apple":16,"minecraft:golden_carrot":16,"minecraft:cobblestone":1,"minecraft:sweet_berries":20,"minecraft:cooked_rabbit":10,"trainmurdermystery:martini":16,"trainmurdermystery:old_fashioned":22,"minecraft:pumpkin_pie":9,"minecraft:egg":2,"minecraft:cooked_beef":15,"trainmurdermystery:cosmopolitan":22,"trainmurdermystery:mojito":18,"minecraft:cooked_salmon":10},"minecraft:custom":{"minecraft:time_since_rest":80841,"minecraft:crouch_one_cm":13994,"minecraft:sprint_one_cm":932722,"minecraft:play_time":788554,"minecraft:damage_taken":221,"minecraft:walk_one_cm":2844872,"minecraft:sneak_time":9693,"minecraft:walk_under_water_one_cm":95,"minecraft:jump":103,"minecraft:damage_dealt":394,"minecraft:leave_game":10,"minecraft:walk_on_water_one_cm":2371,"minecraft:time_since_death":788554,"minecraft:sleep_in_bed":40,"minecraft:climb_one_cm":16824,"minecraft:total_world_time":788554,"minecraft:fall_one_cm":8096,"minecraft:fly_one_cm":2985200}},"DataVersion":3955}