{"stats":{"minecraft:custom":{"minecraft:mob_kills":1,"minecraft:leave_game":125,"minecraft:time_since_death":6532138,"minecraft:climb_one_cm":61661,"minecraft:sprint_one_cm":4347490,"minecraft:walk_one_cm":4283774,"minecraft:drop":35,"minecraft:play_time":7352586,"minecraft:deaths":9,"minecraft:sneak_time":54677,"minecraft:jump":7310,"minecraft:walk_on_water_one_cm":2924,"minecraft:total_world_time":7452825,"minecraft:sleep_in_bed":49,"minecraft:time_since_rest":4526324,"minecraft:damage_taken":2697,"minecraft:damage_dealt":3084,"minecraft:fly_one_cm":48727788,"minecraft:player_kills":7,"minecraft:crouch_one_cm":60015,"minecraft:fall_one_cm":23687},"minecraft:dropped":{"trainmurdermystery:letter":1,"trainmurdermystery:grenade":1,"trainmurdermystery:dark_marble":1,"trainmurdermystery:revolver":7,"trainmurdermystery:cosmopolitan":1,"trainmurdermystery:cargo_box":1,"trainmurdermystery:bat":1,"trainmurdermystery:old_fashioned":2,"trainmurdermystery:small_glass_door":1,"trainmurdermystery:lockpick":2,"trainmurdermystery:champagne":4,"trainmurdermystery:derringer":3,"trainmurdermystery:crowbar":1,"trainmurdermystery:knife":5,"trainmurdermystery:martini":3},"minecraft:picked_up":{"minecraft:chicken":1,"trainmurdermystery:dark_marble":1,"trainmurdermystery:champagne":2,"trainmurdermystery:revolver":18,"minecraft:egg":1,"minecraft:dark_oak_sapling":65,"trainmurdermystery:mahogany_planks":1,"trainmurdermystery:derringer":2,"trainmurdermystery:navy_steel_tiles_panel":1,"trainmurdermystery:lockpick":2,"trainmurdermystery:stainless_steel_ladder":4,"trainmurdermystery:knife":5,"minecraft:sponge":512,"minecraft:feather":1,"trainmurdermystery:cargo_box":1,"trainmurdermystery:dark_steel_walkway":1,"trainmurdermystery:martini":1,"trainmurdermystery:navy_steel_panel":1,"trainmurdermystery:letter":1,"minecraft:oak_button":1},"minecraft:used":{"minecraft:orange_dye":1,"trainmurdermystery:champagne":28,"trainmurdermystery:marble_tiles":12,"trainmurdermystery:ebony_planks":68,"minecraft:polished_deepslate":1,"trainmurdermystery:dark_steel_branch":2,"trainmurdermystery:marble_slab":4,"trainmurdermystery:white_lounge_couch":20,"minecraft:red_concrete":15,"trainmurdermystery:smooth_bubinga":4,"trainmurdermystery:dark_steel_slab":2,"trainmurdermystery:martini":10,"minecraft:decorated_pot":11,"minecraft:axolotl_spawn_egg":1,"minecraft:stone":30,"trainmurdermystery:small_wood_door":5,"trainmurdermystery:dark_steel_pillar":41,"minecraft:cooked_salmon":11,"trainmurdermystery:elevator_button":3,"trainmurdermystery:lockpick":8,"trainmurdermystery:wall_lamp":30,"trainmurdermystery:ebony_bookshelf":2,"trainmurdermystery:smooth_mahogany":8,"trainmurdermystery:tarnished_gold_pillar":2,"trainmurdermystery:firecracker":1007,"minecraft:spyglass":4,"trainmurdermystery:trimmed_ebony_stairs":1,"minecraft:brick_slab":2,"trainmurdermystery:metal_sheet":18,"trainmurdermystery:food_platter":14,"trainmurdermystery:smooth_ebony":68,"trainmurdermystery:mojito":18,"trainmurdermystery:bar_table":1,"minecraft:warden_spawn_egg":4,"minecraft:glass":12,"trainmurdermystery:key":12,"minecraft:dark_oak_planks":1,"minecraft:honey_block":7,"minecraft:bricks":3,"trainmurdermystery:stainless_steel_vent_hatch":3,"trainmurdermystery:small_glass_door":11,"minecraft:lantern":2,"trainmurdermystery:chimney":18,"minecraft:brick_stairs":4,"trainmurdermystery:metal_sheet_slab":14,"trainmurdermystery:black_hull_sheets":2,"minecraft:chicken_spawn_egg":1,"trainmurdermystery:ebony_stairs":25,"trainmurdermystery:dark_marble_wall":9,"minecraft:stone_bricks":1,"trainmurdermystery:marble_tile_stairs":5,"trainmurdermystery:navy_steel_tiles_panel":47,"minecraft:golden_carrot":4,"minecraft:snow":3,"minecraft:sweet_berries":9,"trainmurdermystery:red_trimmed_bed":3,"trainmurdermystery:brown_leather_couch":1,"trainmurdermystery:red_leather_couch":1,"minecraft:stone_pressure_plate":1,"trainmurdermystery:stainless_steel_branch":42,"trainmurdermystery:old_fashioned":32,"trainmurdermystery:smooth_navy_steel_panel":5,"trainmurdermystery:trimmed_lantern":30,"minecraft:egg":1,"trainmurdermystery:trimmed_railing":6,"trainmurdermystery:smooth_navy_steel_slab":6,"minecraft:cooked_beef":9,"trainmurdermystery:navy_steel_door":13,"trainmurdermystery:cosmopolitan":20,"trainmurdermystery:stainless_steel_ladder":21,"trainmurdermystery:bubinga_planks":3,"minecraft:dark_oak_sapling":63,"trainmurdermystery:gold_slab":8,"trainmurdermystery:ebony_cabinet":1,"minecraft:gray_carpet":1,"trainmurdermystery:marble_mosaic":22,"trainmurdermystery:ebony_panel":89,"trainmurdermystery:smooth_navy_steel_stairs":4,"trainmurdermystery:light_barrier":96,"minecraft:spruce_sign":3,"trainmurdermystery:horn":3,"minecraft:glow_ink_sac":1,"trainmurdermystery:black_hull":4,"minecraft:cracked_stone_bricks":3,"trainmurdermystery:metal_sheet_stairs":63,"trainmurdermystery:gold_ledge":33,"minecraft:polished_blackstone_pressure_plate":2,"minecraft:polished_deepslate_slab":1,"trainmurdermystery:tarnished_gold_vent_shaft":13,"trainmurdermystery:black_hull_stairs":1,"trainmurdermystery:dark_steel_walkway":15,"trainmurdermystery:dark_marble_stairs":19,"trainmurdermystery:blue_lounge_couch":3,"trainmurdermystery:dark_steel_stairs":7,"trainmurdermystery:marble_stairs":3,"trainmurdermystery:revolver":2,"minecraft:painting":5,"trainmurdermystery:rail_beam":22,"trainmurdermystery:dark_marble":47,"minecraft:warped_planks":6,"trainmurdermystery:blue_moquette":1,"trainmurdermystery:gold_ornament":193,"trainmurdermystery:dark_steel":15,"trainmurdermystery:dark_steel_wall":25,"trainmurdermystery:grenade":1003,"minecraft:waxed_chiseled_copper":4,"minecraft:weathered_copper_grate":2,"trainmurdermystery:gold":6,"trainmurdermystery:golden_glass_panel":47,"minecraft:yellow_dye":1,"minecraft:light":9,"minecraft:apple":9,"minecraft:mace":8,"trainmurdermystery:ebony_herringbone":3,"trainmurdermystery:smooth_navy_steel":17,"trainmurdermystery:bubinga_panel":2,"minecraft:command_block":4,"minecraft:barrier":183,"minecraft:oak_button":1,"minecraft:cyan_carpet":5,"trainmurdermystery:mahogany_planks":16,"trainmurdermystery:mahogany_panel":12,"trainmurdermystery:stainless_steel_sprinkler":1,"trainmurdermystery:white_trimmed_bed":3,"trainmurdermystery:small_button":5,"trainmurdermystery:barrier_panel":80,"minecraft:cobblestone":1,"minecraft:cobbled_deepslate_slab":5,"trainmurdermystery:navy_steel_panel":1,"minecraft:pumpkin_pie":12,"trainmurdermystery:tarnished_gold_vent_hatch":5,"minecraft:white_stained_glass":27,"trainmurdermystery:navy_steel_tiles":40,"minecraft:cooked_rabbit":8,"minecraft:andesite":2,"trainmurdermystery:note":15,"minecraft:smooth_stone_slab":3,"trainmurdermystery:neon_tube":4,"minecraft:repeating_command_block":2,"trainmurdermystery:drink_tray":15,"trainmurdermystery:metal_sheet_door":2},"minecraft:killed":{"minecraft:chicken":1,"minecraft:player":6}},"DataVersion":3955}