{"stats":{"minecraft:custom":{"minecraft:time_since_rest":21227,"minecraft:crouch_one_cm":2189,"minecraft:deaths":6,"minecraft:sprint_one_cm":66752,"minecraft:play_time":191243,"minecraft:damage_taken":3370,"minecraft:walk_one_cm":659036,"minecraft:sneak_time":1345,"minecraft:jump":97,"minecraft:leave_game":12,"minecraft:time_since_death":116714,"minecraft:sleep_in_bed":6,"minecraft:climb_one_cm":3590,"minecraft:total_world_time":191243,"minecraft:fall_one_cm":41561,"minecraft:fly_one_cm":271578},"minecraft:used":{"minecraft:mangrove_leaves":27,"minecraft:stone_bricks":101,"minecraft:cracked_stone_bricks":21,"minecraft:spruce_leaves":80,"minecraft:moss_carpet":50,"minecraft:cobblestone":27,"minecraft:golden_carrot":1,"minecraft:dead_tube_coral_block":13,"minecraft:acacia_log":7,"minecraft:snow_block":2,"minecraft:sweet_berries":1,"minecraft:dead_horn_coral_block":30,"minecraft:dark_oak_fence":41,"minecraft:polished_andesite":5,"minecraft:andesite":127,"trainmurdermystery:old_fashioned":4,"trainmurdermystery:martini":2,"minecraft:dead_bubble_coral_block":1,"minecraft:stone":198,"minecraft:cooked_beef":2,"minecraft:tuff":8,"trainmurdermystery:mojito":6,"trainmurdermystery:cosmopolitan":4,"minecraft:spruce_fence":1,"minecraft:dead_brain_coral_block":39,"minecraft:deepslate":2,"minecraft:cooked_salmon":1},"minecraft:picked_up":{"trainmurdermystery:revolver":1}},"DataVersion":3955}