{"stats":{"minecraft:picked_up":{"trainmurdermystery:revolver":2},"minecraft:custom":{"minecraft:time_since_rest":10566,"minecraft:crouch_one_cm":24074,"minecraft:sprint_one_cm":520896,"minecraft:play_time":288372,"minecraft:deaths":2,"minecraft:damage_taken":1780,"minecraft:walk_one_cm":783609,"minecraft:sneak_time":22590,"minecraft:jump":32,"minecraft:damage_dealt":61,"minecraft:leave_game":8,"minecraft:time_since_death":103958,"minecraft:sleep_in_bed":24,"minecraft:climb_one_cm":5696,"minecraft:total_world_time":288372,"minecraft:fall_one_cm":20094,"minecraft:fly_one_cm":363380},"minecraft:used":{"trainmurdermystery:champagne":8,"minecraft:apple":5,"minecraft:golden_carrot":3,"minecraft:sweet_berries":7,"trainmurdermystery:martini":6,"minecraft:cooked_rabbit":10,"trainmurdermystery:note":10,"trainmurdermystery:old_fashioned":12,"minecraft:pumpkin_pie":9,"minecraft:cooked_beef":7,"trainmurdermystery:cosmopolitan":4,"trainmurdermystery:mojito":12,"minecraft:cooked_salmon":5}},"DataVersion":3955}