{"stats":{"minecraft:custom":{"minecraft:time_since_rest":9550,"minecraft:damage_dealt":18,"minecraft:leave_game":4,"minecraft:play_time":28805,"minecraft:sprint_one_cm":10052,"minecraft:walk_on_water_one_cm":308,"minecraft:time_since_death":28805,"minecraft:walk_one_cm":94981,"minecraft:sleep_in_bed":1,"minecraft:sneak_time":19,"minecraft:total_world_time":28805,"minecraft:fly_one_cm":32504},"minecraft:used":{"minecraft:pumpkin_pie":1,"trainmurdermystery:martini":2,"minecraft:cooked_beef":1,"trainmurdermystery:mojito":2}},"DataVersion":3955}