{"stats":{"minecraft:picked_up":{"trainmurdermystery:revolver":3},"minecraft:custom":{"minecraft:time_since_rest":8700,"minecraft:crouch_one_cm":6728,"minecraft:sprint_one_cm":640647,"minecraft:play_time":340574,"minecraft:damage_taken":665,"minecraft:walk_one_cm":1044715,"minecraft:sneak_time":4804,"minecraft:jump":66,"minecraft:damage_dealt":243,"minecraft:leave_game":10,"minecraft:walk_on_water_one_cm":319,"minecraft:time_since_death":340574,"minecraft:sleep_in_bed":32,"minecraft:climb_one_cm":9704,"minecraft:total_world_time":340574,"minecraft:fall_one_cm":4877,"minecraft:fly_one_cm":679168},"minecraft:used":{"trainmurdermystery:champagne":18,"minecraft:apple":4,"minecraft:golden_carrot":3,"minecraft:sweet_berries":7,"trainmurdermystery:martini":10,"minecraft:cooked_rabbit":3,"trainmurdermystery:note":4,"trainmurdermystery:old_fashioned":28,"minecraft:pumpkin_pie":5,"minecraft:cooked_beef":3,"trainmurdermystery:cosmopolitan":22,"trainmurdermystery:mojito":18,"minecraft:cooked_salmon":3}},"DataVersion":3955}