{"stats":{"minecraft:used":{"trainmurdermystery:champagne":12,"minecraft:apple":2,"minecraft:golden_carrot":5,"minecraft:sweet_berries":3,"trainmurdermystery:martini":10,"minecraft:cooked_rabbit":2,"trainmurdermystery:note":3,"trainmurdermystery:old_fashioned":10,"minecraft:pumpkin_pie":2,"minecraft:cooked_beef":4,"trainmurdermystery:cosmopolitan":6,"trainmurdermystery:mojito":4,"minecraft:cooked_salmon":2},"minecraft:custom":{"minecraft:time_since_rest":22625,"minecraft:crouch_one_cm":5023,"minecraft:sprint_one_cm":352505,"minecraft:play_time":201884,"minecraft:damage_taken":110,"minecraft:walk_one_cm":748472,"minecraft:sneak_time":6805,"minecraft:jump":45,"minecraft:damage_dealt":76,"minecraft:leave_game":2,"minecraft:walk_on_water_one_cm":122,"minecraft:time_since_death":201884,"minecraft:sleep_in_bed":19,"minecraft:climb_one_cm":7985,"minecraft:total_world_time":201884,"minecraft:fall_one_cm":2592,"minecraft:fly_one_cm":369011}},"DataVersion":3955}