{"stats":{"minecraft:picked_up":{"trainmurdermystery:revolver":1},"minecraft:used":{"minecraft:cooked_beef":1,"minecraft:apple":1,"trainmurdermystery:mojito":2},"minecraft:custom":{"minecraft:jump":8,"minecraft:time_since_rest":40927,"minecraft:crouch_one_cm":1085,"minecraft:leave_game":5,"minecraft:play_time":69256,"minecraft:sprint_one_cm":123482,"minecraft:time_since_death":69256,"minecraft:walk_on_water_one_cm":237,"minecraft:walk_one_cm":231556,"minecraft:sleep_in_bed":2,"minecraft:sneak_time":712,"minecraft:total_world_time":69256,"minecraft:climb_one_cm":1272,"minecraft:fly_one_cm":302979}},"DataVersion":3955}