{"stats":{"minecraft:custom":{"minecraft:time_since_rest":22174,"minecraft:crouch_one_cm":6999,"minecraft:sprint_one_cm":379668,"minecraft:play_time":318354,"minecraft:damage_taken":36,"minecraft:walk_one_cm":1071580,"minecraft:sneak_time":10946,"minecraft:jump":28,"minecraft:damage_dealt":30,"minecraft:leave_game":4,"minecraft:walk_on_water_one_cm":2192,"minecraft:time_since_death":318354,"minecraft:sleep_in_bed":19,"minecraft:climb_one_cm":4849,"minecraft:total_world_time":318354,"minecraft:fall_one_cm":1287,"minecraft:fly_one_cm":549924},"minecraft:used":{"trainmurdermystery:champagne":116,"minecraft:apple":4,"minecraft:golden_carrot":6,"minecraft:sweet_berries":5,"minecraft:cooked_rabbit":9,"trainmurdermystery:martini":110,"trainmurdermystery:note":9,"trainmurdermystery:old_fashioned":126,"minecraft:pumpkin_pie":7,"minecraft:cooked_beef":9,"trainmurdermystery:cosmopolitan":128,"trainmurdermystery:mojito":122,"minecraft:cooked_salmon":6}},"DataVersion":3955}