{"stats":{"minecraft:picked_up":{"trainmurdermystery:knife":1,"trainmurdermystery:revolver":4},"minecraft:custom":{"minecraft:time_since_rest":6002,"minecraft:crouch_one_cm":22714,"minecraft:sprint_one_cm":1043921,"minecraft:play_time":517084,"minecraft:deaths":1,"minecraft:damage_taken":579,"minecraft:walk_one_cm":1469842,"minecraft:sneak_time":18671,"minecraft:jump":35,"minecraft:damage_dealt":10,"minecraft:leave_game":11,"minecraft:walk_on_water_one_cm":308,"minecraft:time_since_death":486130,"minecraft:sleep_in_bed":52,"minecraft:climb_one_cm":6240,"minecraft:total_world_time":517084,"minecraft:fall_one_cm":6145,"minecraft:fly_one_cm":622396},"minecraft:used":{"trainmurdermystery:champagne":86,"minecraft:apple":10,"minecraft:golden_carrot":6,"minecraft:sweet_berries":14,"trainmurdermystery:martini":76,"trainmurdermystery:note":2,"minecraft:cooked_rabbit":6,"trainmurdermystery:old_fashioned":70,"minecraft:pumpkin_pie":10,"minecraft:cooked_beef":19,"trainmurdermystery:cosmopolitan":54,"trainmurdermystery:mojito":76,"minecraft:cooked_salmon":9},"minecraft:killed_by":{"minecraft:player":1}},"DataVersion":3955}