{"stats":{"minecraft:killed_by":{"minecraft:player":1},"minecraft:picked_up":{"trainmurdermystery:revolver":5,"trainmurdermystery:gold_ornament":1},"minecraft:mined":{"trainmurdermystery:gold_ornament":1},"minecraft:used":{"trainmurdermystery:champagne":16,"minecraft:apple":23,"minecraft:golden_carrot":12,"minecraft:sweet_berries":19,"trainmurdermystery:martini":16,"minecraft:cooked_rabbit":14,"trainmurdermystery:old_fashioned":15,"minecraft:pumpkin_pie":12,"minecraft:cooked_beef":14,"trainmurdermystery:cosmopolitan":18,"trainmurdermystery:mojito":28,"trainmurdermystery:gold_ornament":1,"minecraft:cooked_salmon":16},"minecraft:custom":{"minecraft:time_since_rest":62934,"minecraft:crouch_one_cm":17287,"minecraft:sprint_one_cm":525434,"minecraft:play_time":712770,"minecraft:deaths":2,"minecraft:damage_taken":2075,"minecraft:walk_one_cm":2409955,"minecraft:sneak_time":9359,"minecraft:jump":641,"minecraft:damage_dealt":3,"minecraft:leave_game":30,"minecraft:walk_on_water_one_cm":1352,"minecraft:time_since_death":685829,"minecraft:sleep_in_bed":23,"minecraft:climb_one_cm":31325,"minecraft:total_world_time":712770,"minecraft:fall_one_cm":28109,"minecraft:fly_one_cm":523648}},"DataVersion":3955}