{"stats":{"minecraft:custom":{"minecraft:time_since_rest":41183,"minecraft:crouch_one_cm":10970,"minecraft:sprint_one_cm":1166262,"minecraft:play_time":454601,"minecraft:deaths":1,"minecraft:damage_taken":2200,"minecraft:walk_one_cm":1503143,"minecraft:sneak_time":5359,"minecraft:jump":101,"minecraft:damage_dealt":71,"minecraft:leave_game":10,"minecraft:walk_on_water_one_cm":302,"minecraft:time_since_death":271192,"minecraft:sleep_in_bed":35,"minecraft:climb_one_cm":13928,"minecraft:total_world_time":454601,"minecraft:fall_one_cm":26324,"minecraft:fly_one_cm":638976},"minecraft:picked_up":{"trainmurdermystery:revolver":6},"minecraft:used":{"trainmurdermystery:grenade":1,"trainmurdermystery:champagne":14,"minecraft:apple":8,"minecraft:golden_carrot":3,"minecraft:sweet_berries":2,"minecraft:cooked_rabbit":7,"trainmurdermystery:martini":22,"trainmurdermystery:old_fashioned":20,"minecraft:pumpkin_pie":1,"minecraft:cooked_beef":2,"trainmurdermystery:cosmopolitan":20,"trainmurdermystery:mojito":20,"minecraft:cooked_salmon":2}},"DataVersion":3955}