{"stats":{"minecraft:custom":{"minecraft:time_since_rest":18832,"minecraft:crouch_one_cm":1915,"minecraft:play_time":97579,"minecraft:sprint_one_cm":8317,"minecraft:walk_one_cm":358022,"minecraft:sneak_time":3122,"minecraft:jump":18,"minecraft:damage_dealt":77,"minecraft:leave_game":2,"minecraft:time_since_death":97579,"minecraft:sleep_in_bed":6,"minecraft:total_world_time":97579,"minecraft:climb_one_cm":3868,"minecraft:fall_one_cm":2126,"minecraft:fly_one_cm":224747},"minecraft:used":{"trainmurdermystery:champagne":2,"minecraft:apple":2,"minecraft:sweet_berries":3,"minecraft:cooked_rabbit":2,"trainmurdermystery:old_fashioned":2,"minecraft:pumpkin_pie":1,"minecraft:cooked_beef":1,"trainmurdermystery:cosmopolitan":4,"trainmurdermystery:mojito":2,"minecraft:cooked_salmon":1}},"DataVersion":3955}