{"stats":{"minecraft:custom":{"minecraft:time_since_rest":35332,"minecraft:crouch_one_cm":54121,"minecraft:sprint_one_cm":512994,"minecraft:play_time":432351,"minecraft:deaths":1,"minecraft:damage_taken":368,"minecraft:walk_one_cm":1922896,"minecraft:sneak_time":28292,"minecraft:jump":114,"minecraft:leave_game":7,"minecraft:walk_on_water_one_cm":715,"minecraft:time_since_death":172916,"minecraft:sleep_in_bed":38,"minecraft:climb_one_cm":20274,"minecraft:total_world_time":432351,"minecraft:fall_one_cm":5138,"minecraft:fly_one_cm":434680},"minecraft:used":{"trainmurdermystery:champagne":18,"minecraft:apple":4,"minecraft:golden_carrot":7,"minecraft:sweet_berries":4,"minecraft:cooked_rabbit":12,"trainmurdermystery:martini":26,"trainmurdermystery:note":8,"trainmurdermystery:old_fashioned":14,"minecraft:pumpkin_pie":7,"minecraft:cooked_beef":4,"trainmurdermystery:cosmopolitan":24,"trainmurdermystery:mojito":18,"minecraft:cooked_salmon":16},"minecraft:picked_up":{"trainmurdermystery:revolver":1}},"DataVersion":3955}