{"stats":{"minecraft:used":{"trainmurdermystery:champagne":30,"minecraft:apple":4,"minecraft:golden_carrot":7,"minecraft:sweet_berries":8,"trainmurdermystery:martini":20,"trainmurdermystery:note":5,"minecraft:cooked_rabbit":7,"trainmurdermystery:old_fashioned":20,"minecraft:pumpkin_pie":6,"minecraft:cooked_beef":4,"trainmurdermystery:cosmopolitan":28,"trainmurdermystery:mojito":26,"minecraft:cooked_salmon":9},"minecraft:picked_up":{"trainmurdermystery:revolver":1},"minecraft:killed_by":{"minecraft:player":2},"minecraft:custom":{"minecraft:time_since_rest":2147,"minecraft:crouch_one_cm":4128,"minecraft:sprint_one_cm":792255,"minecraft:play_time":320293,"minecraft:deaths":2,"minecraft:damage_taken":684,"minecraft:walk_one_cm":1245125,"minecraft:sneak_time":3460,"minecraft:jump":41,"minecraft:damage_dealt":207,"minecraft:leave_game":8,"minecraft:time_since_death":295323,"minecraft:sleep_in_bed":26,"minecraft:climb_one_cm":2773,"minecraft:total_world_time":320293,"minecraft:fall_one_cm":269,"minecraft:fly_one_cm":435993}},"DataVersion":3955}