{"stats":{"minecraft:custom":{"minecraft:time_since_rest":33594,"minecraft:crouch_one_cm":2697,"minecraft:sprint_one_cm":73149,"minecraft:play_time":240183,"minecraft:damage_taken":151,"minecraft:walk_one_cm":1058027,"minecraft:sneak_time":1867,"minecraft:jump":39,"minecraft:leave_game":2,"minecraft:time_since_death":240183,"minecraft:sleep_in_bed":16,"minecraft:climb_one_cm":4640,"minecraft:total_world_time":240183,"minecraft:fall_one_cm":1345,"minecraft:fly_one_cm":138630},"minecraft:used":{"trainmurdermystery:champagne":12,"minecraft:apple":2,"minecraft:golden_carrot":3,"minecraft:sweet_berries":1,"minecraft:cooked_rabbit":6,"trainmurdermystery:old_fashioned":22,"trainmurdermystery:martini":8,"minecraft:pumpkin_pie":4,"minecraft:egg":1,"minecraft:cooked_beef":3,"trainmurdermystery:cosmopolitan":10,"trainmurdermystery:mojito":14,"minecraft:cooked_salmon":3},"minecraft:picked_up":{"trainmurdermystery:derringer":1,"trainmurdermystery:revolver":2,"minecraft:egg":1}},"DataVersion":3955}