{"stats":{"minecraft:killed":{"minecraft:bat":2},"minecraft:picked_up":{"minecraft:flower_pot":13,"trainmurdermystery:dark_marble":1,"trainmurdermystery:smooth_ebony":1,"trainmurdermystery:revolver":10,"minecraft:white_carpet":5,"trainmurdermystery:ebony_planks":1,"minecraft:dark_oak_door":4,"minecraft:dark_oak_sapling":68,"minecraft:stone_button":14,"trainmurdermystery:stainless_steel_branch":1,"trainmurdermystery:lockpick":1,"trainmurdermystery:stainless_steel_ladder":41,"minecraft:rail":1,"trainmurdermystery:knife":1,"minecraft:sponge":64,"trainmurdermystery:tarnished_gold_vent_hatch":64,"minecraft:lantern":2,"minecraft:gray_carpet":7,"minecraft:bell":3,"minecraft:dark_oak_sign":1,"minecraft:red_concrete_powder":1,"trainmurdermystery:body_bag":1,"minecraft:red_banner":2,"minecraft:spruce_sapling":8,"trainmurdermystery:bar_stool":7,"minecraft:spruce_log":1,"minecraft:lily_of_the_valley":8,"minecraft:white_concrete_powder":64,"minecraft:painting":5,"minecraft:terracotta":1,"trainmurdermystery:gold_ornament":5},"minecraft:used":{"trainmurdermystery:champagne":20,"trainmurdermystery:marble_tiles":53,"minecraft:netherite_sword":2,"trainmurdermystery:ebony_planks":427,"minecraft:iron_bars":43,"trainmurdermystery:beige_leather_couch":22,"minecraft:polished_deepslate":7,"minecraft:flint_and_steel":6,"trainmurdermystery:dark_steel_branch":4,"minecraft:smooth_quartz_slab":89,"trainmurdermystery:white_lounge_couch":201,"trainmurdermystery:marble_slab":132,"minecraft:oak_sign":8,"minecraft:spruce_slab":47,"minecraft:polished_blackstone":1,"minecraft:stripped_warped_stem":67,"minecraft:light_gray_carpet":1,"minecraft:ladder":4,"trainmurdermystery:dark_steel_slab":71,"trainmurdermystery:martini":20,"minecraft:white_concrete_powder":5,"trainmurdermystery:marble":259,"minecraft:decorated_pot":25,"trainmurdermystery:small_wood_door":17,"trainmurdermystery:stainless_steel_walkway":36,"minecraft:stone":113,"trainmurdermystery:stainless_steel_wall":29,"trainmurdermystery:white_hull_wall":2,"trainmurdermystery:dark_steel_pillar":77,"minecraft:cooked_salmon":11,"trainmurdermystery:ebony_bookshelf":68,"trainmurdermystery:smooth_mahogany":43,"minecraft:bell":5,"minecraft:quartz_stairs":8,"trainmurdermystery:lockpick":4,"trainmurdermystery:wall_lamp":120,"trainmurdermystery:elevator_button":5,"trainmurdermystery:tarnished_gold_pillar":2,"minecraft:smooth_sandstone_stairs":56,"minecraft:spruce_leaves":2,"trainmurdermystery:firecracker":1,"trainmurdermystery:trimmed_ebony_stairs":10,"trainmurdermystery:gold_bar":16,"minecraft:white_carpet":6,"minecraft:brick_slab":4,"trainmurdermystery:metal_sheet":124,"minecraft:nether_bricks":14,"minecraft:stone_stairs":3,"minecraft:deepslate_tile_slab":32,"minecraft:deepslate_brick_slab":1,"trainmurdermystery:gold_sprinkler":12,"minecraft:spruce_fence":14,"trainmurdermystery:food_platter":7,"trainmurdermystery:smooth_ebony":194,"minecraft:granite":65,"trainmurdermystery:mojito":22,"minecraft:nether_brick_stairs":2,"minecraft:stripped_spruce_log":7,"trainmurdermystery:stainless_steel_stairs":3,"trainmurdermystery:bar_table":125,"minecraft:polished_deepslate_stairs":6,"trainmurdermystery:black_hull_slab":23,"minecraft:dark_oak_planks":220,"trainmurdermystery:ebony_slab":10,"minecraft:packed_ice":197,"minecraft:bricks":274,"minecraft:bookshelf":1,"trainmurdermystery:small_glass_door":54,"minecraft:mangrove_stairs":19,"minecraft:iron_block":65,"trainmurdermystery:stainless_steel_vent_hatch":23,"minecraft:red_wool":28,"minecraft:spruce_wood":22,"minecraft:lantern":5,"minecraft:grass_block":2,"minecraft:rooted_dirt":1,"minecraft:brick_stairs":62,"trainmurdermystery:chimney":1,"minecraft:spruce_button":2,"minecraft:smooth_sandstone":101,"minecraft:packed_mud":4,"trainmurdermystery:smooth_ebony_stairs":47,"trainmurdermystery:metal_sheet_slab":145,"trainmurdermystery:black_hull_sheets":79,"trainmurdermystery:ebony_stairs":78,"minecraft:red_candle":13,"minecraft:dark_oak_slab":26,"trainmurdermystery:white_hull_stairs":1,"minecraft:mud_bricks":3,"trainmurdermystery:dark_steel_vent_shaft":4,"trainmurdermystery:dark_marble_wall":16,"minecraft:stone_bricks":16,"minecraft:light_gray_wool":17,"trainmurdermystery:marble_tile_stairs":4,"minecraft:exposed_cut_copper_slab":5,"minecraft:warped_stairs":54,"trainmurdermystery:navy_steel_tiles_panel":72,"trainmurdermystery:wheel":4,"minecraft:golden_carrot":11,"minecraft:snow":463,"minecraft:black_stained_glass":55,"trainmurdermystery:red_trimmed_bed":6,"minecraft:sweet_berries":72,"minecraft:iron_trapdoor":74,"trainmurdermystery:coffee_table":12,"minecraft:deepslate_tile_stairs":31,"trainmurdermystery:brown_leather_couch":2,"trainmurdermystery:white_hull_slab":192,"trainmurdermystery:trimmed_railing":15,"trainmurdermystery:stainless_steel_branch":138,"trainmurdermystery:old_fashioned":16,"trainmurdermystery:mahogany_cabinet":6,"trainmurdermystery:smooth_navy_steel_panel":56,"trainmurdermystery:cosmopolitan":22,"trainmurdermystery:trimmed_lantern":21,"minecraft:cooked_beef":9,"trainmurdermystery:stainless_steel":5,"trainmurdermystery:mahogany_herringbone":11,"trainmurdermystery:red_leather_couch":56,"minecraft:cobbled_deepslate":18,"trainmurdermystery:stainless_steel_ladder":91,"minecraft:brown_candle":4,"minecraft:dead_bubble_coral_fan":9,"trainmurdermystery:smooth_ebony_slab":25,"minecraft:dark_oak_sapling":3,"trainmurdermystery:cargo_box":33,"trainmurdermystery:stainless_steel_pillar":13,"minecraft:water_bucket":4,"trainmurdermystery:stainless_steel_bar":21,"trainmurdermystery:metal_sheet_wall":15,"minecraft:cobblestone_stairs":3,"minecraft:sandstone_stairs":13,"minecraft:snow_block":409,"minecraft:stripped_acacia_log":2,"trainmurdermystery:gold_slab":29,"trainmurdermystery:ebony_cabinet":63,"minecraft:gray_carpet":43,"minecraft:polished_andesite":28,"minecraft:dark_oak_sign":14,"minecraft:lime_wool":11,"trainmurdermystery:marble_mosaic":3,"trainmurdermystery:ebony_panel":837,"minecraft:smooth_sandstone_slab":9,"minecraft:blackstone":244,"trainmurdermystery:mahogany_stairs":6,"minecraft:sandstone":24,"trainmurdermystery:panel_stripes":167,"minecraft:redstone_block":26,"trainmurdermystery:light_barrier":117,"trainmurdermystery:black_hull_sheet_stairs":4,"minecraft:red_glazed_terracotta":1,"minecraft:cobblestone_slab":4,"trainmurdermystery:black_hull":103,"minecraft:deepslate_bricks":4,"minecraft:waxed_copper_block":13,"minecraft:polished_blackstone_bricks":400,"trainmurdermystery:metal_sheet_stairs":91,"trainmurdermystery:tarnished_gold_vent_shaft":99,"trainmurdermystery:gold_ledge":231,"minecraft:rail":48,"minecraft:polished_deepslate_slab":10,"minecraft:terracotta":57,"minecraft:sand":4,"minecraft:stripped_dark_oak_log":6,"trainmurdermystery:black_hull_stairs":31,"trainmurdermystery:dark_marble_stairs":48,"minecraft:oak_slab":2,"trainmurdermystery:privacy_glass_panel":26,"trainmurdermystery:dark_steel_stairs":44,"minecraft:black_banner":4,"trainmurdermystery:neon_pillar":40,"trainmurdermystery:revolver":15,"minecraft:cobbled_deepslate_stairs":1621,"trainmurdermystery:marble_stairs":107,"trainmurdermystery:rail_beam":3,"minecraft:painting":51,"minecraft:black_concrete_powder":4,"trainmurdermystery:dark_marble":149,"trainmurdermystery:white_ottoman":12,"minecraft:spruce_log":18,"trainmurdermystery:culling_white_hull":2,"minecraft:warped_planks":82,"trainmurdermystery:blue_moquette":3,"trainmurdermystery:stainless_steel_slab":8,"minecraft:dark_oak_door":17,"trainmurdermystery:gold_ornament":1471,"trainmurdermystery:tarnished_gold":9,"trainmurdermystery:dark_steel":91,"trainmurdermystery:grenade":78,"trainmurdermystery:dark_steel_wall":38,"minecraft:deepslate_tiles":119,"minecraft:oak_log":35,"minecraft:waxed_chiseled_copper":4,"trainmurdermystery:spruce_branch":39,"trainmurdermystery:golden_glass_panel":147,"minecraft:flower_pot":35,"trainmurdermystery:smooth_mahogany_slab":7,"minecraft:blue_glazed_terracotta":22,"minecraft:light":796,"minecraft:black_concrete":45,"trainmurdermystery:dark_steel_vent_hatch":51,"minecraft:apple":11,"trainmurdermystery:ebony_herringbone":5,"minecraft:stripped_jungle_log":2,"trainmurdermystery:smooth_navy_steel":5,"trainmurdermystery:bubinga_panel":128,"minecraft:gray_stained_glass_pane":12,"minecraft:light_gray_concrete":8,"minecraft:barrier":49,"minecraft:lectern":3,"trainmurdermystery:mahogany_panel":56,"trainmurdermystery:mahogany_planks":48,"minecraft:spruce_trapdoor":5,"trainmurdermystery:stainless_steel_sprinkler":4,"minecraft:iron_door":2,"minecraft:deepslate":318,"trainmurdermystery:stainless_steel_vent_shaft":26,"minecraft:gravel":29,"trainmurdermystery:white_trimmed_bed":10,"minecraft:blackstone_slab":8,"minecraft:green_carpet":10,"trainmurdermystery:small_button":12,"minecraft:coal_block":8,"trainmurdermystery:barrier_panel":47,"minecraft:cobblestone":55,"trainmurdermystery:marble_wall":55,"trainmurdermystery:stripped_spruce_branch":7,"minecraft:cobbled_deepslate_slab":3418,"trainmurdermystery:navy_steel_panel":36,"minecraft:cooked_rabbit":9,"trainmurdermystery:neon_tube":32,"trainmurdermystery:navy_steel_tiles":42,"minecraft:red_banner":6,"minecraft:dark_oak_fence":12,"trainmurdermystery:tarnished_gold_vent_hatch":61,"trainmurdermystery:dark_marble_slab":21,"minecraft:lapis_block":3,"minecraft:chain":1,"minecraft:glass_pane":5,"minecraft:pumpkin_pie":12,"minecraft:smooth_stone_slab":23,"minecraft:waxed_cut_copper_stairs":9,"trainmurdermystery:smooth_mahogany_stairs":3,"trainmurdermystery:bar_stool":37,"trainmurdermystery:marble_tile_slab":3,"trainmurdermystery:drink_tray":4,"minecraft:gray_wool":55,"minecraft:candle":17,"trainmurdermystery:metal_sheet_walkway":76,"minecraft:smooth_stone":1024,"minecraft:bone_meal":27,"minecraft:gray_stained_glass":52},"minecraft:custom":{"minecraft:mob_kills":2,"minecraft:leave_game":86,"minecraft:time_since_death":316993,"minecraft:climb_one_cm":56671,"minecraft:sprint_one_cm":3744225,"minecraft:walk_one_cm":3850292,"minecraft:drop":15,"minecraft:play_time":4346841,"minecraft:deaths":15,"minecraft:sneak_time":101239,"minecraft:jump":8500,"minecraft:walk_on_water_one_cm":4250,"minecraft:total_world_time":4474886,"minecraft:sleep_in_bed":36,"minecraft:time_since_rest":317100,"minecraft:damage_taken":2674,"minecraft:damage_dealt":368,"minecraft:fly_one_cm":57591787,"minecraft:player_kills":2,"minecraft:crouch_one_cm":163874,"minecraft:fall_one_cm":31142},"minecraft:killed_by":{"minecraft:player":1},"minecraft:dropped":{"minecraft:barrier":1,"trainmurdermystery:smooth_ebony":1,"trainmurdermystery:tarnished_gold_vent_hatch":64,"trainmurdermystery:revolver":1,"trainmurdermystery:body_bag":1,"trainmurdermystery:stainless_steel_branch":1,"trainmurdermystery:lockpick":1,"trainmurdermystery:gold_ornament":1,"trainmurdermystery:ebony_planks":1,"minecraft:painting":1,"minecraft:spruce_log":1,"trainmurdermystery:knife":1,"minecraft:white_concrete_powder":64,"minecraft:terracotta":1}},"DataVersion":3955}