{"stats":{"minecraft:picked_up":{"trainmurdermystery:revolver":3},"minecraft:custom":{"minecraft:time_since_rest":6840,"minecraft:crouch_one_cm":9982,"minecraft:sprint_one_cm":169849,"minecraft:play_time":269899,"minecraft:damage_taken":50,"minecraft:walk_one_cm":728175,"minecraft:sneak_time":4889,"minecraft:jump":11,"minecraft:leave_game":5,"minecraft:walk_on_water_one_cm":385,"minecraft:time_since_death":269899,"minecraft:sleep_in_bed":16,"minecraft:climb_one_cm":3024,"minecraft:total_world_time":269899,"minecraft:fall_one_cm":1614,"minecraft:fly_one_cm":133556},"minecraft:used":{"trainmurdermystery:grenade":1,"trainmurdermystery:champagne":12,"minecraft:golden_carrot":2,"minecraft:cooked_rabbit":3,"trainmurdermystery:old_fashioned":8,"trainmurdermystery:martini":4,"minecraft:pumpkin_pie":1,"minecraft:cooked_beef":2,"trainmurdermystery:cosmopolitan":6,"trainmurdermystery:mojito":6,"minecraft:cooked_salmon":1}},"DataVersion":3955}