{"stats":{"minecraft:picked_up":{"trainmurdermystery:revolver":14,"trainmurdermystery:note":4},"minecraft:used":{"trainmurdermystery:champagne":22,"trainmurdermystery:ebony_planks":3,"trainmurdermystery:tarnished_gold_wall":9,"trainmurdermystery:metal_sheet_wall":3,"trainmurdermystery:beige_leather_couch":3,"minecraft:snow_block":261,"trainmurdermystery:ebony_cabinet":30,"trainmurdermystery:marble_slab":17,"minecraft:gray_carpet":9,"minecraft:oak_planks":2,"trainmurdermystery:ebony_panel":144,"trainmurdermystery:dark_steel_slab":11,"trainmurdermystery:martini":16,"trainmurdermystery:marble":6,"trainmurdermystery:mahogany_stairs":2,"trainmurdermystery:ebony_herringbone_stairs":11,"trainmurdermystery:panel_stripes":39,"trainmurdermystery:small_wood_door":3,"trainmurdermystery:stainless_steel_wall":1,"trainmurdermystery:dark_steel_pillar":19,"trainmurdermystery:mahogany_bookshelf":8,"minecraft:cooked_salmon":10,"trainmurdermystery:black_hull_sheet_stairs":16,"trainmurdermystery:wall_lamp":23,"trainmurdermystery:ebony_bookshelf":53,"trainmurdermystery:smooth_mahogany":12,"trainmurdermystery:black_hull":49,"minecraft:spruce_leaves":11,"minecraft:debug_stick":23,"trainmurdermystery:metal_sheet_stairs":2,"trainmurdermystery:tarnished_gold_vent_shaft":11,"trainmurdermystery:trimmed_ebony_stairs":7,"trainmurdermystery:black_hull_stairs":19,"trainmurdermystery:gold_bar":12,"trainmurdermystery:privacy_glass_panel":1,"trainmurdermystery:dark_steel_stairs":4,"trainmurdermystery:culling_black_hull":18,"minecraft:painting":3,"trainmurdermystery:gold_sprinkler":4,"trainmurdermystery:mojito":24,"trainmurdermystery:smooth_ebony":62,"trainmurdermystery:gold_ornament":279,"trainmurdermystery:bar_table":21,"trainmurdermystery:black_hull_slab":2,"minecraft:deepslate_tiles":15,"trainmurdermystery:grenade":2,"minecraft:dark_oak_planks":126,"minecraft:apple":5,"trainmurdermystery:ebony_herringbone":2,"trainmurdermystery:bubinga_panel":2,"trainmurdermystery:small_glass_door":1,"minecraft:red_wool":12,"minecraft:rooted_dirt":1,"trainmurdermystery:smooth_ebony_stairs":9,"trainmurdermystery:black_hull_sheets":6,"trainmurdermystery:ebony_stairs":77,"trainmurdermystery:mahogany_planks":8,"trainmurdermystery:mahogany_panel":238,"trainmurdermystery:stainless_steel_sprinkler":2,"trainmurdermystery:black_hull_wall":37,"trainmurdermystery:dark_steel_vent_shaft":1,"minecraft:deepslate":32,"trainmurdermystery:white_trimmed_bed":10,"trainmurdermystery:small_button":5,"minecraft:red_carpet":4,"minecraft:golden_carrot":5,"trainmurdermystery:red_trimmed_bed":15,"minecraft:iron_trapdoor":11,"minecraft:sweet_berries":7,"trainmurdermystery:coffee_table":10,"minecraft:deepslate_tile_stairs":2,"trainmurdermystery:tarnished_gold_vent_hatch":30,"trainmurdermystery:brown_leather_couch":6,"minecraft:gray_wool":4,"minecraft:cooked_rabbit":6,"minecraft:pumpkin_pie":10,"trainmurdermystery:note":7,"trainmurdermystery:old_fashioned":22,"trainmurdermystery:neon_tube":24,"trainmurdermystery:mahogany_cabinet":11,"minecraft:oak_boat":1,"trainmurdermystery:trimmed_lantern":2,"trainmurdermystery:bar_stool":3,"trainmurdermystery:trimmed_railing":35,"trainmurdermystery:cosmopolitan":26,"minecraft:cooked_beef":8,"trainmurdermystery:pristine_gold_wall":3,"trainmurdermystery:white_hull_slab":2,"trainmurdermystery:red_leather_couch":19,"trainmurdermystery:metal_sheet_walkway":11},"minecraft:custom":{"minecraft:bell_ring":1,"minecraft:leave_game":24,"minecraft:time_since_death":1011010,"minecraft:sleep_in_bed":66,"minecraft:climb_one_cm":36990,"minecraft:time_since_rest":32576,"minecraft:sprint_one_cm":1361225,"minecraft:damage_taken":312,"minecraft:walk_one_cm":3665773,"minecraft:damage_dealt":209,"minecraft:fly_one_cm":19149861,"minecraft:crouch_one_cm":52119,"minecraft:play_time":1011010,"minecraft:sneak_time":27394,"minecraft:boat_one_cm":130298,"minecraft:jump":1530,"minecraft:walk_on_water_one_cm":1271,"minecraft:total_world_time":1011010,"minecraft:fall_one_cm":13071}},"DataVersion":3955}