{"stats":{"minecraft:picked_up":{"trainmurdermystery:revolver":7},"minecraft:custom":{"minecraft:time_since_rest":22042,"minecraft:crouch_one_cm":11943,"minecraft:sprint_one_cm":347584,"minecraft:play_time":272523,"minecraft:damage_taken":10,"minecraft:walk_one_cm":1018071,"minecraft:sneak_time":7136,"minecraft:jump":31,"minecraft:damage_dealt":10,"minecraft:leave_game":2,"minecraft:walk_on_water_one_cm":242,"minecraft:time_since_death":272523,"minecraft:sleep_in_bed":29,"minecraft:climb_one_cm":5528,"minecraft:total_world_time":272523,"minecraft:fall_one_cm":2421,"minecraft:fly_one_cm":199858},"minecraft:used":{"trainmurdermystery:champagne":16,"minecraft:apple":6,"minecraft:golden_carrot":4,"minecraft:sweet_berries":4,"minecraft:cooked_rabbit":4,"trainmurdermystery:old_fashioned":12,"trainmurdermystery:martini":14,"minecraft:pumpkin_pie":6,"minecraft:cooked_beef":6,"trainmurdermystery:cosmopolitan":10,"trainmurdermystery:mojito":12,"trainmurdermystery:lockpick":1,"minecraft:cooked_salmon":1}},"DataVersion":3955}