{"stats":{"minecraft:picked_up":{"trainmurdermystery:knife":1,"trainmurdermystery:revolver":8},"minecraft:custom":{"minecraft:time_since_rest":9316,"minecraft:crouch_one_cm":3780,"minecraft:sprint_one_cm":531901,"minecraft:play_time":433769,"minecraft:walk_one_cm":1430414,"minecraft:sneak_time":7927,"minecraft:jump":46,"minecraft:leave_game":4,"minecraft:damage_dealt":20,"minecraft:walk_on_water_one_cm":430,"minecraft:time_since_death":433769,"minecraft:sleep_in_bed":41,"minecraft:climb_one_cm":10170,"minecraft:total_world_time":433769,"minecraft:fall_one_cm":5380,"minecraft:fly_one_cm":223339},"minecraft:used":{"trainmurdermystery:champagne":16,"minecraft:apple":1,"minecraft:golden_carrot":1,"minecraft:sweet_berries":1,"minecraft:cooked_rabbit":6,"trainmurdermystery:note":7,"trainmurdermystery:old_fashioned":18,"trainmurdermystery:martini":28,"minecraft:pumpkin_pie":7,"minecraft:cooked_beef":4,"trainmurdermystery:cosmopolitan":20,"trainmurdermystery:mojito":26,"minecraft:cooked_salmon":10}},"DataVersion":3955}