{"stats":{"minecraft:used":{"trainmurdermystery:champagne":14,"trainmurdermystery:firecracker":16,"minecraft:apple":8,"minecraft:golden_carrot":2,"minecraft:sweet_berries":8,"trainmurdermystery:martini":12,"minecraft:cooked_rabbit":4,"trainmurdermystery:note":2,"trainmurdermystery:old_fashioned":12,"minecraft:pumpkin_pie":5,"minecraft:cooked_beef":6,"trainmurdermystery:cosmopolitan":16,"trainmurdermystery:mojito":12,"minecraft:cooked_salmon":3},"minecraft:picked_up":{"trainmurdermystery:revolver":3},"minecraft:custom":{"minecraft:time_since_rest":11052,"minecraft:crouch_one_cm":30043,"minecraft:sprint_one_cm":609658,"minecraft:play_time":392680,"minecraft:damage_taken":60,"minecraft:walk_one_cm":1451009,"minecraft:sneak_time":18269,"minecraft:jump":54,"minecraft:damage_dealt":34,"minecraft:leave_game":8,"minecraft:walk_on_water_one_cm":159,"minecraft:time_since_death":392680,"minecraft:sleep_in_bed":23,"minecraft:climb_one_cm":11732,"minecraft:total_world_time":392680,"minecraft:fall_one_cm":4581,"minecraft:fly_one_cm":387829}},"DataVersion":3955}