{"stats":{"minecraft:custom":{"minecraft:time_since_rest":25338,"minecraft:crouch_one_cm":5628,"minecraft:sprint_one_cm":575463,"minecraft:play_time":290621,"minecraft:damage_taken":653,"minecraft:walk_one_cm":949515,"minecraft:sneak_time":4843,"minecraft:jump":78,"minecraft:damage_dealt":337,"minecraft:leave_game":6,"minecraft:walk_on_water_one_cm":973,"minecraft:time_since_death":290621,"minecraft:sleep_in_bed":22,"minecraft:climb_one_cm":7921,"minecraft:total_world_time":290621,"minecraft:fall_one_cm":1632,"minecraft:fly_one_cm":1759000},"minecraft:used":{"trainmurdermystery:champagne":36,"minecraft:apple":4,"minecraft:golden_carrot":5,"minecraft:sweet_berries":4,"trainmurdermystery:martini":28,"minecraft:cooked_rabbit":4,"trainmurdermystery:note":2,"trainmurdermystery:old_fashioned":32,"minecraft:pumpkin_pie":5,"minecraft:cooked_beef":3,"trainmurdermystery:cosmopolitan":30,"trainmurdermystery:mojito":28,"minecraft:cooked_salmon":2}},"DataVersion":3955}