{
  "minecraft:recipes/decorations/crafting_table": {
    "criteria": {
      "unlock_right_away": "2025-10-06 16:14:51 +0000"
    },
    "done": true
  },
  "minecraft:adventure/adventuring_time": {
    "criteria": {
      "minecraft:plains": "2025-10-06 16:14:52 +0000"
    },
    "done": false
  },
  "minecraft:husbandry/balanced_diet": {
    "criteria": {
      "apple": "2025-10-06 16:25:06 +0000",
      "cooked_rabbit": "2025-10-06 17:19:03 +0000",
      "sweet_berries": "2025-10-06 16:47:48 +0000",
      "cooked_beef": "2025-10-06 16:43:35 +0000",
      "cooked_salmon": "2025-10-06 16:24:18 +0000",
      "pumpkin_pie": "2025-10-06 16:22:42 +0000",
      "golden_carrot": "2025-10-06 17:13:25 +0000"
    },
    "done": false
  },
  "minecraft:husbandry/root": {
    "criteria": {
      "consumed_item": "2025-10-06 16:22:42 +0000"
    },
    "done": true
  },
  "minecraft:recipes/food/rabbit_stew_from_brown_mushroom": {
    "criteria": {
      "has_cooked_rabbit": "2025-10-06 16:32:18 +0000"
    },
    "done": true
  },
  "minecraft:recipes/food/rabbit_stew_from_red_mushroom": {
    "criteria": {
      "has_cooked_rabbit": "2025-10-06 16:32:18 +0000"
    },
    "done": true
  },
  "minecraft:adventure/sleep_in_bed": {
    "criteria": {
      "slept_in_bed": "2025-10-06 16:43:50 +0000"
    },
    "done": true
  },
  "DataVersion": 3955
}