{
  "minecraft:recipes/decorations/crafting_table": {
    "criteria": {
      "unlock_right_away": "2025-10-09 22:06:27 +0000"
    },
    "done": true
  },
  "minecraft:adventure/adventuring_time": {
    "criteria": {
      "minecraft:plains": "2025-10-09 22:06:32 +0000"
    },
    "done": false
  },
  "minecraft:recipes/food/rabbit_stew_from_brown_mushroom": {
    "criteria": {
      "has_cooked_rabbit": "2025-10-09 22:17:44 +0000"
    },
    "done": true
  },
  "minecraft:adventure/sleep_in_bed": {
    "criteria": {
      "slept_in_bed": "2025-10-09 22:21:28 +0000"
    },
    "done": true
  },
  "minecraft:recipes/food/rabbit_stew_from_red_mushroom": {
    "criteria": {
      "has_cooked_rabbit": "2025-10-09 22:17:44 +0000"
    },
    "done": true
  },
  "minecraft:husbandry/balanced_diet": {
    "criteria": {
      "apple": "2025-10-09 23:12:11 +0000",
      "cooked_rabbit": "2025-10-09 22:17:49 +0000",
      "sweet_berries": "2025-10-09 23:02:40 +0000",
      "cooked_beef": "2025-10-09 22:36:02 +0000",
      "cooked_salmon": "2025-10-09 23:02:09 +0000",
      "pumpkin_pie": "2025-10-09 22:36:34 +0000"
    },
    "done": false
  },
  "minecraft:husbandry/root": {
    "criteria": {
      "consumed_item": "2025-10-09 22:17:49 +0000"
    },
    "done": true
  },
  "DataVersion": 3955
}