{
  "minecraft:recipes/decorations/crafting_table": {
    "criteria": {
      "unlock_right_away": "2025-10-04 16:02:53 +0000"
    },
    "done": true
  },
  "minecraft:adventure/adventuring_time": {
    "criteria": {
      "minecraft:plains": "2025-10-04 16:02:54 +0000"
    },
    "done": false
  },
  "minecraft:husbandry/balanced_diet": {
    "criteria": {
      "apple": "2025-10-04 17:00:20 +0000",
      "cooked_rabbit": "2025-10-04 17:11:07 +0000",
      "sweet_berries": "2025-10-04 17:00:23 +0000",
      "cooked_beef": "2025-10-04 16:49:42 +0000",
      "cooked_salmon": "2025-10-04 16:48:53 +0000",
      "pumpkin_pie": "2025-10-04 16:46:12 +0000",
      "golden_carrot": "2025-10-04 17:16:52 +0000"
    },
    "done": false
  },
  "minecraft:husbandry/root": {
    "criteria": {
      "consumed_item": "2025-10-04 16:46:12 +0000"
    },
    "done": true
  },
  "minecraft:recipes/food/rabbit_stew_from_brown_mushroom": {
    "criteria": {
      "has_cooked_rabbit": "2025-10-04 17:11:03 +0000"
    },
    "done": true
  },
  "minecraft:recipes/food/rabbit_stew_from_red_mushroom": {
    "criteria": {
      "has_cooked_rabbit": "2025-10-04 17:11:03 +0000"
    },
    "done": true
  },
  "minecraft:adventure/sleep_in_bed": {
    "criteria": {
      "slept_in_bed": "2025-10-04 17:15:05 +0000"
    },
    "done": true
  },
  "DataVersion": 3955
}