{
  "minecraft:recipes/decorations/crafting_table": {
    "criteria": {
      "unlock_right_away": "2025-10-09 21:56:47 +0000"
    },
    "done": true
  },
  "minecraft:adventure/adventuring_time": {
    "criteria": {
      "minecraft:plains": "2025-10-09 21:56:48 +0000"
    },
    "done": false
  },
  "minecraft:adventure/sleep_in_bed": {
    "criteria": {
      "slept_in_bed": "2025-10-09 21:58:28 +0000"
    },
    "done": true
  },
  "minecraft:husbandry/root": {
    "criteria": {
      "consumed_item": "2025-10-09 22:01:15 +0000"
    },
    "done": true
  },
  "minecraft:husbandry/balanced_diet": {
    "criteria": {
      "apple": "2025-10-09 22:05:24 +0000",
      "cooked_rabbit": "2025-10-09 22:27:37 +0000",
      "sweet_berries": "2025-10-09 22:20:35 +0000",
      "cooked_beef": "2025-10-09 22:05:52 +0000",
      "cooked_salmon": "2025-10-11 17:26:00 +0000",
      "pumpkin_pie": "2025-10-09 22:38:11 +0000",
      "golden_carrot": "2025-10-09 22:56:00 +0000"
    },
    "done": false
  },
  "minecraft:recipes/food/rabbit_stew_from_brown_mushroom": {
    "criteria": {
      "has_cooked_rabbit": "2025-10-09 22:26:13 +0000"
    },
    "done": true
  },
  "minecraft:recipes/food/rabbit_stew_from_red_mushroom": {
    "criteria": {
      "has_cooked_rabbit": "2025-10-09 22:26:13 +0000"
    },
    "done": true
  },
  "DataVersion": 3955
}