{
  "minecraft:recipes/decorations/crafting_table": {
    "criteria": {
      "unlock_right_away": "2025-10-06 16:25:16 +0000"
    },
    "done": true
  },
  "minecraft:adventure/adventuring_time": {
    "criteria": {
      "minecraft:plains": "2025-10-06 16:25:17 +0000"
    },
    "done": false
  },
  "minecraft:husbandry/balanced_diet": {
    "criteria": {
      "apple": "2025-10-06 16:44:16 +0000",
      "cooked_rabbit": "2025-10-06 17:35:55 +0000",
      "sweet_berries": "2025-10-09 22:29:26 +0000",
      "cooked_beef": "2025-10-06 16:43:09 +0000",
      "cooked_salmon": "2025-10-06 16:54:36 +0000",
      "pumpkin_pie": "2025-10-06 16:43:11 +0000",
      "golden_carrot": "2025-10-11 17:31:32 +0000"
    },
    "done": false
  },
  "minecraft:husbandry/root": {
    "criteria": {
      "consumed_item": "2025-10-06 16:43:09 +0000"
    },
    "done": true
  },
  "minecraft:adventure/sleep_in_bed": {
    "criteria": {
      "slept_in_bed": "2025-10-06 16:54:30 +0000"
    },
    "done": true
  },
  "minecraft:recipes/food/rabbit_stew_from_brown_mushroom": {
    "criteria": {
      "has_cooked_rabbit": "2025-10-06 17:31:21 +0000"
    },
    "done": true
  },
  "minecraft:recipes/food/rabbit_stew_from_red_mushroom": {
    "criteria": {
      "has_cooked_rabbit": "2025-10-06 17:31:21 +0000"
    },
    "done": true
  },
  "DataVersion": 3955
}