{
  "minecraft:recipes/decorations/crafting_table": {
    "criteria": {
      "unlock_right_away": "2025-09-28 19:59:11 +0000"
    },
    "done": true
  },
  "minecraft:adventure/adventuring_time": {
    "criteria": {
      "minecraft:plains": "2025-09-28 19:59:12 +0000"
    },
    "done": false
  },
  "minecraft:husbandry/balanced_diet": {
    "criteria": {
      "apple": "2025-09-28 22:00:25 +0000",
      "cooked_rabbit": "2025-10-11 16:33:17 +0000",
      "sweet_berries": "2025-09-28 20:08:53 +0000",
      "cooked_beef": "2025-09-28 21:21:33 +0000",
      "cooked_salmon": "2025-09-28 22:04:15 +0000",
      "pumpkin_pie": "2025-09-28 20:07:10 +0000",
      "golden_carrot": "2025-09-28 21:31:04 +0000"
    },
    "done": false
  },
  "minecraft:husbandry/root": {
    "criteria": {
      "consumed_item": "2025-09-28 20:07:10 +0000"
    },
    "done": true
  },
  "minecraft:adventure/sleep_in_bed": {
    "criteria": {
      "slept_in_bed": "2025-09-28 20:11:21 +0000"
    },
    "done": true
  },
  "minecraft:adventure/root": {
    "criteria": {
      "killed_by_something": "2025-09-28 20:33:51 +0000"
    },
    "done": true
  },
  "minecraft:recipes/food/rabbit_stew_from_brown_mushroom": {
    "criteria": {
      "has_cooked_rabbit": "2025-10-11 16:28:21 +0000"
    },
    "done": true
  },
  "minecraft:recipes/food/rabbit_stew_from_red_mushroom": {
    "criteria": {
      "has_cooked_rabbit": "2025-10-11 16:28:21 +0000"
    },
    "done": true
  },
  "minecraft:recipes/food/cake": {
    "criteria": {
      "has_egg": "2025-10-11 16:31:46 +0000"
    },
    "done": true
  },
  "DataVersion": 3955
}