{
  "minecraft:recipes/decorations/crafting_table": {
    "criteria": {
      "unlock_right_away": "2025-10-06 16:20:13 +0000"
    },
    "done": true
  },
  "minecraft:adventure/adventuring_time": {
    "criteria": {
      "minecraft:plains": "2025-10-06 16:20:14 +0000"
    },
    "done": false
  },
  "minecraft:husbandry/root": {
    "criteria": {
      "consumed_item": "2025-10-06 16:23:14 +0000"
    },
    "done": true
  },
  "minecraft:recipes/food/rabbit_stew_from_brown_mushroom": {
    "criteria": {
      "has_cooked_rabbit": "2025-10-06 16:23:23 +0000"
    },
    "done": true
  },
  "minecraft:recipes/food/rabbit_stew_from_red_mushroom": {
    "criteria": {
      "has_cooked_rabbit": "2025-10-06 16:23:23 +0000"
    },
    "done": true
  },
  "minecraft:husbandry/balanced_diet": {
    "criteria": {
      "apple": "2025-10-06 16:24:20 +0000",
      "cooked_rabbit": "2025-10-06 16:23:27 +0000",
      "sweet_berries": "2025-10-06 17:45:34 +0000",
      "cooked_beef": "2025-10-06 16:58:56 +0000",
      "cooked_salmon": "2025-10-06 17:17:59 +0000",
      "pumpkin_pie": "2025-10-06 16:48:13 +0000",
      "golden_carrot": "2025-10-06 16:53:31 +0000"
    },
    "done": false
  },
  "minecraft:adventure/sleep_in_bed": {
    "criteria": {
      "slept_in_bed": "2025-10-06 16:44:04 +0000"
    },
    "done": true
  },
  "DataVersion": 3955
}